UserID,Country,RegistrationDate
U0001,India,2022-01-14
U0002,Brazil,2022-01-18
U0003,India,2022-10-08
U0004,Spain,2022-05-17
U0005,USA,2022-03-01
U0006,Brazil,2022-03-24
U0007,Canada,2022-08-29
U0008,UK,2022-01-02
U0009,UK,2022-01-04
U0010,India,2022-01-12
U0011,Spain,2022-04-23
U0012,Brazil,2022-03-11
U0013,UK,2022-04-09
U0014,UK,2022-05-03
U0015,Canada,2022-04-11
U0016,Spain,2022-11-22
U0017,UK,2022-10-02
U0018,Brazil,2022-10-25
U0019,Canada,2022-02-12
U0020,Brazil,2022-01-29
U0021,Brazil,2022-10-15
U0022,Mexico,2022-01-24
U0023,Spain,2022-04-08
U0024,Spain,2022-03-21
U0025,Canada,2022-08-10
U0026,India,2022-01-02
U0027,Mexico,2022-01-06
U0028,India,2022-07-03
U0029,India,2022-01-16
U0030,India,2022-11-13
U0031,Germany,2022-02-06
U0032,Germany,2022-07-17
U0033,USA,2022-06-02
U0034,Canada,2022-02-18
U0035,USA,2022-08-13
U0036,Canada,2022-02-17
U0037,India,2022-08-13
U0038,Spain,2022-07-07
U0039,UK,2022-03-18
U0040,Brazil,2022-03-05
U0041,Spain,2022-09-02
U0042,Canada,2022-04-14
U0043,Brazil,2022-04-21
U0044,USA,2022-10-10
U0045,India,2022-03-21
U0046,Spain,2022-01-31
U0047,India,2022-08-19
U0048,Canada,2022-04-27
U0049,Brazil,2022-01-23
U0050,India,2022-01-03
U0051,Canada,2022-04-30
U0052,UK,2022-07-21
U0053,Spain,2022-07-06
U0054,Germany,2022-02-07
U0055,Brazil,2022-03-10
U0056,Germany,2022-05-22
U0057,Germany,2022-10-31
U0058,Germany,2022-07-21
U0059,Spain,2022-10-15
U0060,UK,2022-06-01
U0061,Spain,2022-05-22
U0062,Canada,2022-06-29
U0063,Canada,2022-08-05
U0064,Brazil,2022-05-04
U0065,Germany,2022-01-04
U0066,USA,2022-03-20
U0067,Canada,2022-06-14
U0068,Canada,2022-08-25
U0069,India,2022-01-18
U0070,Brazil,2022-03-25
U0071,Spain,2022-07-24
U0072,Germany,2022-09-26
U0073,Canada,2022-06-03
U0074,UK,2022-10-03
U0075,Brazil,2022-03-31
U0076,Brazil,2022-10-08
U0077,USA,2022-03-30
U0078,India,2022-02-19
U0079,Brazil,2022-09-17
U0080,Brazil,2022-04-13
U0081,Germany,2022-05-05
U0082,India,2022-01-05
U0083,Brazil,2022-03-19
U0084,Germany,2022-06-26
U0085,India,2022-04-09
U0086,Canada,2022-06-20
U0087,Brazil,2022-03-03
U0088,Spain,2022-03-30
U0089,Germany,2022-03-20
U0090,Spain,2022-07-02
U0091,Spain,2022-01-31
U0092,Brazil,2022-06-16
U0093,Spain,2022-11-20
U0094,Canada,2022-02-04
U0095,USA,2022-10-20
U0096,India,2022-01-04
U0097,Spain,2022-05-29
U0098,Canada,2022-01-15
U0099,Mexico,2022-09-02
U0100,UK,2022-01-22
U0101,Brazil,2022-08-10
U0102,Canada,2022-08-01
U0103,Mexico,2022-09-09
U0104,Spain,2022-08-09
U0105,India,2022-09-03
U0106,Spain,2022-04-25
U0107,Canada,2022-08-05
U0108,Canada,2022-01-03
U0109,Brazil,2022-04-24
U0110,Canada,2022-11-06
U0111,Spain,2022-06-15
U0112,Germany,2022-03-02
U0113,Germany,2022-06-18
U0114,Mexico,2022-05-21
U0115,India,2022-04-03
U0116,Mexico,2022-05-23
U0117,UK,2022-01-28
U0118,Canada,2022-03-21
U0119,Germany,2022-04-13
U0120,Germany,2022-01-01
U0121,Canada,2022-04-29
U0122,Brazil,2022-05-25
U0123,USA,2022-08-13
U0124,Canada,2022-04-18
U0125,Brazil,2022-08-16
U0126,Canada,2022-07-09
U0127,Spain,2022-05-02
U0128,Canada,2022-01-26
U0129,Germany,2022-04-20
U0130,Canada,2022-09-04
U0131,Germany,2022-02-10
U0132,Spain,2022-09-08
U0133,Mexico,2022-02-11
U0134,USA,2022-01-09
U0135,Germany,2022-07-27
U0136,Spain,2022-02-28
U0137,Mexico,2022-05-26
U0138,Mexico,2022-08-22
U0139,Canada,2022-06-01
U0140,Spain,2022-06-06
U0141,Spain,2022-04-14
U0142,Germany,2022-07-22
U0143,Canada,2022-06-22
U0144,Germany,2022-05-21
U0145,India,2022-10-18
U0146,Mexico,2022-03-12
U0147,Canada,2022-02-04
U0148,Mexico,2022-06-20
U0149,Canada,2022-08-25
U0150,Canada,2022-02-19
U0151,USA,2022-05-01
U0152,Mexico,2022-01-21
U0153,Spain,2022-04-20
U0154,Brazil,2022-08-09
U0155,Brazil,2022-04-17
U0156,USA,2022-06-24
U0157,USA,2022-07-12
U0158,India,2022-07-02
U0159,Brazil,2022-02-16
U0160,UK,2022-04-15
U0161,Spain,2022-10-02
U0162,UK,2022-02-17
U0163,India,2022-10-15
U0164,Spain,2022-07-22
U0165,USA,2022-02-06
U0166,Canada,2022-08-06
U0167,USA,2022-01-27
U0168,Germany,2022-04-24
U0169,Brazil,2022-06-18
U0170,Mexico,2022-06-22
U0171,India,2022-08-17
U0172,India,2022-03-24
U0173,USA,2022-08-04
U0174,Mexico,2022-01-05
U0175,Brazil,2022-01-23
U0176,Mexico,2022-03-06
U0177,UK,2022-05-22
U0178,Brazil,2022-01-25
U0179,Mexico,2022-02-15
U0180,USA,2022-03-11
U0181,Spain,2022-04-23
U0182,UK,2022-08-13
U0183,Canada,2022-07-06
U0184,Brazil,2022-02-07
U0185,Spain,2022-12-13
U0186,USA,2022-04-23
U0187,India,2022-02-14
U0188,Spain,2022-01-23
U0189,Germany,2022-04-11
U0190,India,2022-04-02
U0191,India,2022-01-12
U0192,India,2022-01-15
U0193,Canada,2022-06-04
U0194,Spain,2022-01-14
U0195,Canada,2022-01-21
U0196,Canada,2022-04-24
U0197,Brazil,2022-03-02
U0198,India,2022-08-01
U0199,Canada,2022-03-26
U0200,Brazil,2022-01-11
U0201,India,2022-09-29
U0202,Canada,2022-03-26
U0203,Mexico,2022-02-03
U0204,UK,2022-01-11
U0205,Mexico,2022-04-07
U0206,Canada,2022-02-25
U0207,Brazil,2022-02-08
U0208,UK,2022-05-03
U0209,Canada,2022-06-06
U0210,Spain,2022-01-19
U0211,Mexico,2022-09-25
U0212,Spain,2022-02-24
U0213,USA,2022-06-02
U0214,UK,2022-04-01
U0215,Canada,2022-06-23
U0216,UK,2022-07-22
U0217,Brazil,2022-10-11
U0218,India,2022-06-15
U0219,Brazil,2022-11-24
U0220,Spain,2022-01-26
U0221,Spain,2022-05-01
U0222,Brazil,2022-01-22
U0223,Mexico,2022-06-26
U0224,Brazil,2022-02-02
U0225,India,2022-04-23
U0226,Mexico,2022-03-23
U0227,Germany,2022-05-16
U0228,Brazil,2022-08-15
U0229,Germany,2022-09-19
U0230,Mexico,2022-05-03
U0231,UK,2022-10-18
U0232,Germany,2022-07-25
U0233,India,2022-04-17
U0234,Germany,2022-07-09
U0235,Mexico,2022-03-07
U0236,UK,2022-05-29
U0237,India,2022-01-05
U0238,USA,2022-02-25
U0239,USA,2022-02-04
U0240,India,2022-06-23
U0241,Brazil,2022-01-09
U0242,India,2022-02-18
U0243,USA,2022-03-19
U0244,Mexico,2022-03-15
U0245,Mexico,2022-01-21
U0246,Mexico,2022-02-08
U0247,India,2022-01-23
U0248,Germany,2022-12-12
U0249,Canada,2022-04-27
U0250,USA,2022-09-27
U0251,Canada,2022-01-16
U0252,Mexico,2022-03-31
U0253,Spain,2022-08-16
U0254,Germany,2022-01-19
U0255,UK,2022-04-07
U0256,India,2022-08-31
U0257,Germany,2022-01-12
U0258,Germany,2022-05-08
U0259,Spain,2022-04-10
U0260,India,2022-03-15
U0261,Spain,2022-02-05
U0262,Canada,2022-03-15
U0263,Brazil,2022-01-25
U0264,Spain,2022-05-02
U0265,Brazil,2022-06-30
U0266,India,2022-08-12
U0267,Germany,2022-02-13
U0268,Mexico,2022-02-01
U0269,Brazil,2022-07-07
U0270,Germany,2022-02-11
U0271,Mexico,2022-07-12
U0272,Canada,2022-04-02
U0273,USA,2022-03-12
U0274,USA,2022-05-07
U0275,USA,2022-06-09
U0276,India,2022-05-30
U0277,UK,2022-02-03
U0278,Brazil,2022-06-21
U0279,Mexico,2022-07-31
U0280,UK,2022-01-30
U0281,UK,2022-05-18
U0282,Brazil,2022-03-28
U0283,Spain,2022-03-20
U0284,India,2022-11-04
U0285,UK,2022-06-20
U0286,India,2022-02-28
U0287,Canada,2022-04-01
U0288,Canada,2022-03-23
U0289,Germany,2022-01-30
U0290,Brazil,2022-09-21
U0291,Germany,2022-11-03
U0292,Brazil,2022-01-09
U0293,USA,2022-04-07
U0294,USA,2022-11-25
U0295,India,2022-02-03
U0296,USA,2022-08-15
U0297,Spain,2022-02-08
U0298,Mexico,2022-02-26
U0299,India,2022-07-18
U0300,Brazil,2022-01-27
U0301,UK,2022-03-29
U0302,Spain,2022-02-16
U0303,Brazil,2022-02-09
U0304,USA,2022-06-12
U0305,Spain,2022-03-27
U0306,Mexico,2022-11-14
U0307,Germany,2022-07-25
U0308,UK,2022-01-02
U0309,UK,2022-01-12
U0310,UK,2022-07-16
U0311,Canada,2022-05-04
U0312,Mexico,2022-04-22
U0313,Canada,2022-07-02
U0314,Spain,2022-04-08
U0315,Brazil,2022-03-08
U0316,Germany,2022-04-08
U0317,India,2022-01-30
U0318,Germany,2022-01-24
U0319,UK,2022-02-07
U0320,UK,2022-05-20
U0321,USA,2022-08-25
U0322,Mexico,2022-01-25
U0323,Brazil,2022-03-19
U0324,India,2022-05-04
U0325,Spain,2022-05-10
U0326,India,2022-02-16
U0327,Brazil,2022-09-09
U0328,Germany,2022-01-19
U0329,Canada,2022-06-06
U0330,UK,2022-05-30
U0331,Mexico,2022-02-21
U0332,Canada,2022-06-15
U0333,Canada,2022-06-18
U0334,Germany,2022-07-09
U0335,Canada,2022-03-30
U0336,Canada,2022-06-25
U0337,Germany,2022-01-29
U0338,Brazil,2022-07-10
U0339,USA,2022-02-24
U0340,Canada,2022-05-18
U0341,Spain,2022-01-23
U0342,Brazil,2022-09-03
U0343,UK,2022-02-13
U0344,Canada,2022-02-14
U0345,Mexico,2022-07-07
U0346,UK,2022-04-14
U0347,India,2022-10-15
U0348,Mexico,2022-05-17
U0349,UK,2022-02-27
U0350,Canada,2022-09-23
U0351,Brazil,2022-04-28
U0352,Brazil,2022-04-27
U0353,Brazil,2022-05-05
U0354,USA,2022-05-23
U0355,Brazil,2022-01-26
U0356,Germany,2022-10-20
U0357,India,2022-09-07
U0358,UK,2022-01-28
U0359,Spain,2022-06-04
U0360,Brazil,2022-10-05
U0361,UK,2022-09-16
U0362,Mexico,2022-03-23
U0363,Brazil,2022-06-08
U0364,Spain,2022-02-25
U0365,India,2022-11-14
U0366,USA,2022-07-21
U0367,Canada,2022-02-04
U0368,Spain,2022-05-12
U0369,India,2022-07-26
U0370,Brazil,2022-06-07
U0371,India,2022-08-15
U0372,India,2022-04-28
U0373,Germany,2022-02-28
U0374,USA,2022-05-28
U0375,Mexico,2022-07-07
U0376,USA,2022-06-15
U0377,Mexico,2022-09-10
U0378,Germany,2022-02-05
U0379,USA,2022-02-28
U0380,Canada,2022-02-27
U0381,USA,2022-04-17
U0382,Mexico,2022-02-18
U0383,UK,2022-06-25
U0384,Canada,2022-07-17
U0385,Spain,2022-08-14
U0386,Brazil,2022-03-21
U0387,UK,2022-01-09
U0388,Canada,2022-07-20
U0389,India,2022-02-12
U0390,Spain,2022-01-23
U0391,Brazil,2022-05-05
U0392,Germany,2022-06-10
U0393,Brazil,2022-11-08
U0394,India,2022-05-18
U0395,India,2022-05-15
U0396,Mexico,2022-05-27
U0397,USA,2022-08-25
U0398,UK,2022-02-22
U0399,Brazil,2022-07-11
U0400,Spain,2022-01-06
U0401,Mexico,2022-01-28
U0402,Canada,2022-01-23
U0403,UK,2022-10-14
U0404,UK,2022-03-03
U0405,Mexico,2022-05-22
U0406,Germany,2022-05-01
U0407,USA,2022-02-10
U0408,Brazil,2022-09-07
U0409,Germany,2022-06-07
U0410,India,2022-01-18
U0411,Spain,2022-02-16
U0412,USA,2022-01-05
U0413,Germany,2022-01-17
U0414,UK,2022-04-24
U0415,Germany,2022-01-27
U0416,Germany,2022-01-09
U0417,India,2022-02-22
U0418,Mexico,2022-08-07
U0419,Brazil,2022-02-02
U0420,Spain,2022-10-16
U0421,Spain,2022-04-16
U0422,India,2022-02-18
U0423,Canada,2022-03-29
U0424,UK,2022-08-31
U0425,USA,2022-10-08
U0426,India,2022-02-28
U0427,Brazil,2022-07-29
U0428,USA,2022-02-23
U0429,Brazil,2022-04-17
U0430,India,2022-09-09
U0431,India,2022-03-11
U0432,UK,2022-05-08
U0433,Brazil,2022-04-24
U0434,UK,2022-05-12
U0435,Spain,2022-05-04
U0436,Spain,2022-04-23
U0437,Germany,2022-05-17
U0438,India,2022-01-06
U0439,Canada,2022-05-18
U0440,Canada,2022-01-25
U0441,Mexico,2022-01-11
U0442,Brazil,2022-04-10
U0443,Canada,2022-03-19
U0444,USA,2022-03-27
U0445,Spain,2022-10-06
U0446,Brazil,2022-01-12
U0447,Spain,2022-12-10
U0448,Brazil,2022-01-11
U0449,Germany,2022-01-03
U0450,India,2022-03-16
U0451,Mexico,2022-09-30
U0452,India,2022-06-25
U0453,India,2022-02-12
U0454,Brazil,2022-06-19
U0455,India,2022-06-28
U0456,Canada,2022-06-10
U0457,USA,2022-08-19
U0458,UK,2022-01-17
U0459,UK,2022-05-10
U0460,Germany,2022-05-11
U0461,India,2022-01-05
U0462,UK,2022-02-26
U0463,Canada,2022-02-18
U0464,UK,2022-06-11
U0465,Spain,2022-04-04
U0466,Brazil,2022-05-10
U0467,Mexico,2022-03-20
U0468,Canada,2022-01-24
U0469,Germany,2022-07-12
U0470,USA,2022-09-16
U0471,Germany,2022-06-16
U0472,Canada,2022-09-18
U0473,India,2022-04-07
U0474,UK,2022-01-08
U0475,Spain,2022-02-23
U0476,USA,2022-03-08
U0477,Canada,2022-04-17
U0478,USA,2022-01-15
U0479,Canada,2022-07-30
U0480,Canada,2022-07-01
U0481,USA,2022-08-02
U0482,USA,2022-02-04
U0483,Brazil,2022-01-21
U0484,Germany,2022-01-27
U0485,UK,2022-08-16
U0486,Mexico,2022-07-13
U0487,Canada,2022-01-01
U0488,India,2022-04-27
U0489,Germany,2022-01-08
U0490,Canada,2022-10-17
U0491,Mexico,2022-06-24
U0492,Spain,2022-02-09
U0493,Brazil,2022-01-19
U0494,UK,2022-03-24
U0495,Germany,2022-03-19
U0496,Germany,2022-01-07
U0497,Spain,2022-02-10
U0498,UK,2022-01-31
U0499,USA,2022-01-28
U0500,USA,2022-04-26
