UserID,PaymentDate,Amount,PaymentMethod
U0001,2022-01-14,30,PayPal
U0001,2022-02-14,30,Credit Card
U0001,2022-03-14,30,Credit Card
U0001,2022-04-14,30,Bank Transfer
U0001,2022-05-14,30,PayPal
U0001,2022-06-14,30,PayPal
U0001,2022-07-14,30,Credit Card
U0001,2022-08-14,30,PayPal
U0001,2022-09-14,30,Credit Card
U0001,2022-10-14,30,Credit Card
U0001,2022-11-14,30,Bank Transfer
U0001,2022-12-14,30,PayPal
U0002,2022-08-25,20,PayPal
U0002,2022-09-25,20,PayPal
U0002,2022-10-25,20,PayPal
U0003,2022-10-08,20,Bank Transfer
U0004,2022-08-27,10,PayPal
U0004,2022-09-27,10,Bank Transfer
U0004,2022-10-27,10,Credit Card
U0005,2022-03-05,10,PayPal
U0005,2022-04-05,10,Bank Transfer
U0005,2022-05-05,10,Credit Card
U0005,2022-06-05,10,Bank Transfer
U0005,2022-07-05,10,Credit Card
U0005,2022-08-05,10,Credit Card
U0005,2022-09-05,10,PayPal
U0005,2022-10-05,10,Bank Transfer
U0005,2022-11-05,10,PayPal
U0005,2022-12-05,10,PayPal
U0005,2023-01-05,10,PayPal
U0005,2023-02-05,10,Credit Card
U0006,2022-08-19,30,PayPal
U0006,2022-09-19,30,Credit Card
U0006,2022-10-19,30,PayPal
U0006,2022-11-19,30,Credit Card
U0006,2022-12-19,30,Bank Transfer
U0006,2023-01-19,30,Bank Transfer
U0007,2022-08-29,10,Bank Transfer
U0007,2022-09-29,10,Credit Card
U0007,2022-10-29,10,PayPal
U0007,2022-11-29,10,Bank Transfer
U0007,2022-12-29,10,PayPal
U0007,2023-01-29,10,Bank Transfer
U0008,2022-01-02,20,PayPal
U0008,2022-02-02,20,Credit Card
U0008,2022-03-02,20,Credit Card
U0009,2022-01-04,10,Credit Card
U0009,2022-02-04,10,Credit Card
U0009,2022-03-04,10,Bank Transfer
U0009,2022-04-04,10,Credit Card
U0009,2022-05-04,10,PayPal
U0009,2022-06-04,10,Bank Transfer
U0009,2022-07-04,10,PayPal
U0009,2022-08-04,10,Credit Card
U0009,2022-09-04,10,PayPal
U0009,2022-10-04,10,PayPal
U0009,2022-11-04,10,Bank Transfer
U0009,2022-12-04,10,Credit Card
U0010,2022-10-07,20,Bank Transfer
U0010,2022-11-07,20,Bank Transfer
U0010,2022-12-07,20,PayPal
U0011,2022-06-27,10,Credit Card
U0011,2022-07-27,10,Bank Transfer
U0011,2022-08-27,10,PayPal
U0011,2022-09-27,10,Bank Transfer
U0011,2022-10-27,10,Credit Card
U0011,2022-11-27,10,Bank Transfer
U0011,2022-12-27,10,Bank Transfer
U0011,2023-01-27,10,PayPal
U0011,2023-02-27,10,PayPal
U0011,2023-03-27,10,Bank Transfer
U0011,2023-04-27,10,Bank Transfer
U0011,2023-05-27,10,Bank Transfer
U0012,2022-08-26,30,PayPal
U0012,2022-09-26,30,PayPal
U0012,2022-10-26,30,PayPal
U0013,2022-10-11,10,Bank Transfer
U0013,2022-11-11,10,Bank Transfer
U0013,2022-12-11,10,PayPal
U0013,2023-01-11,10,PayPal
U0013,2023-02-11,10,Credit Card
U0013,2023-03-11,10,Bank Transfer
U0014,2022-06-05,20,PayPal
U0015,2022-08-18,10,Bank Transfer
U0016,2022-12-20,20,PayPal
U0016,2023-01-20,20,Credit Card
U0016,2023-02-20,20,PayPal
U0016,2023-03-20,20,PayPal
U0016,2023-04-20,20,PayPal
U0016,2023-05-20,20,PayPal
U0016,2023-06-20,20,Bank Transfer
U0016,2023-07-20,20,Bank Transfer
U0016,2023-08-20,20,PayPal
U0016,2023-09-20,20,PayPal
U0016,2023-10-20,20,Bank Transfer
U0016,2023-11-20,20,Credit Card
U0017,2022-10-30,20,Credit Card
U0017,2022-11-30,20,Bank Transfer
U0017,2022-12-30,20,Bank Transfer
U0017,2023-01-30,20,Credit Card
U0017,2023-02-28,20,PayPal
U0017,2023-03-30,20,Credit Card
U0018,2022-12-27,10,PayPal
U0018,2023-01-27,10,Bank Transfer
U0018,2023-02-27,10,Bank Transfer
U0018,2023-03-27,10,Bank Transfer
U0018,2023-04-27,10,Bank Transfer
U0018,2023-05-27,10,Bank Transfer
U0018,2023-06-27,10,PayPal
U0018,2023-07-27,10,Credit Card
U0018,2023-08-27,10,PayPal
U0018,2023-09-27,10,PayPal
U0018,2023-10-27,10,PayPal
U0018,2023-11-27,10,Bank Transfer
U0019,2022-02-12,10,Credit Card
U0020,2022-02-14,30,Credit Card
U0020,2022-03-14,30,Bank Transfer
U0020,2022-04-14,30,PayPal
U0021,2022-10-15,30,Bank Transfer
U0021,2022-11-15,30,Credit Card
U0021,2022-12-15,30,PayPal
U0021,2023-01-15,30,Bank Transfer
U0021,2023-02-15,30,PayPal
U0021,2023-03-15,30,Bank Transfer
U0021,2023-04-15,30,PayPal
U0021,2023-05-15,30,PayPal
U0021,2023-06-15,30,PayPal
U0021,2023-07-15,30,Bank Transfer
U0021,2023-08-15,30,Bank Transfer
U0021,2023-09-15,30,Bank Transfer
U0022,2022-01-24,10,Credit Card
U0022,2022-02-24,10,Bank Transfer
U0022,2022-03-24,10,PayPal
U0022,2022-04-24,10,PayPal
U0022,2022-05-24,10,PayPal
U0022,2022-06-24,10,Credit Card
U0022,2022-07-24,10,PayPal
U0022,2022-08-24,10,Credit Card
U0022,2022-09-24,10,Bank Transfer
U0022,2022-10-24,10,Bank Transfer
U0022,2022-11-24,10,PayPal
U0022,2022-12-24,10,Credit Card
U0023,2022-04-08,30,PayPal
U0023,2022-05-08,30,Credit Card
U0023,2022-06-08,30,Bank Transfer
U0023,2022-07-08,30,Credit Card
U0023,2022-08-08,30,Credit Card
U0023,2022-09-08,30,Bank Transfer
U0023,2022-10-08,30,Credit Card
U0023,2022-11-08,30,Credit Card
U0023,2022-12-08,30,PayPal
U0023,2023-01-08,30,Bank Transfer
U0023,2023-02-08,30,Credit Card
U0023,2023-03-08,30,Credit Card
U0024,2022-03-21,20,PayPal
U0025,2022-08-10,20,Credit Card
U0025,2022-09-10,20,PayPal
U0025,2022-10-10,20,Credit Card
U0025,2022-11-10,20,PayPal
U0025,2022-12-10,20,Credit Card
U0025,2023-01-10,20,PayPal
U0026,2022-02-16,30,PayPal
U0026,2022-03-16,30,PayPal
U0026,2022-04-16,30,PayPal
U0027,2022-01-06,10,PayPal
U0027,2022-02-06,10,PayPal
U0027,2022-03-06,10,Bank Transfer
U0027,2022-04-06,10,PayPal
U0027,2022-05-06,10,Bank Transfer
U0027,2022-06-06,10,Bank Transfer
U0027,2022-07-06,10,Credit Card
U0027,2022-08-06,10,PayPal
U0027,2022-09-06,10,Bank Transfer
U0027,2022-10-06,10,Bank Transfer
U0027,2022-11-06,10,Bank Transfer
U0027,2022-12-06,10,Credit Card
U0028,2022-07-03,10,Bank Transfer
U0028,2022-08-03,10,Credit Card
U0028,2022-09-03,10,Credit Card
U0029,2022-03-27,30,Credit Card
U0030,2022-11-13,20,Bank Transfer
U0031,2022-11-06,30,PayPal
U0031,2022-12-06,30,Bank Transfer
U0031,2023-01-06,30,Bank Transfer
U0031,2023-02-06,30,Credit Card
U0031,2023-03-06,30,Credit Card
U0031,2023-04-06,30,PayPal
U0031,2023-05-06,30,Credit Card
U0031,2023-06-06,30,Credit Card
U0031,2023-07-06,30,Bank Transfer
U0031,2023-08-06,30,Credit Card
U0031,2023-09-06,30,PayPal
U0031,2023-10-06,30,Bank Transfer
U0032,2022-07-17,10,Bank Transfer
U0032,2022-08-17,10,Bank Transfer
U0032,2022-09-17,10,Credit Card
U0032,2022-10-17,10,Credit Card
U0032,2022-11-17,10,Bank Transfer
U0032,2022-12-17,10,PayPal
U0033,2022-06-02,20,Bank Transfer
U0033,2022-07-02,20,Credit Card
U0033,2022-08-02,20,Bank Transfer
U0033,2022-09-02,20,PayPal
U0033,2022-10-02,20,PayPal
U0033,2022-11-02,20,Credit Card
U0033,2022-12-02,20,Bank Transfer
U0033,2023-01-02,20,Credit Card
U0033,2023-02-02,20,PayPal
U0033,2023-03-02,20,Bank Transfer
U0033,2023-04-02,20,Bank Transfer
U0033,2023-05-02,20,Bank Transfer
U0034,2022-02-18,30,PayPal
U0034,2022-03-18,30,Credit Card
U0034,2022-04-18,30,Credit Card
U0034,2022-05-18,30,PayPal
U0034,2022-06-18,30,Credit Card
U0034,2022-07-18,30,PayPal
U0034,2022-08-18,30,Bank Transfer
U0034,2022-09-18,30,PayPal
U0034,2022-10-18,30,Credit Card
U0034,2022-11-18,30,PayPal
U0034,2022-12-18,30,Credit Card
U0034,2023-01-18,30,Bank Transfer
U0035,2022-08-17,20,Credit Card
U0035,2022-09-17,20,Bank Transfer
U0035,2022-10-17,20,Bank Transfer
U0036,2022-02-17,30,Credit Card
U0037,2022-09-10,30,PayPal
U0037,2022-10-10,30,Credit Card
U0037,2022-11-10,30,PayPal
U0037,2022-12-10,30,Bank Transfer
U0037,2023-01-10,30,Bank Transfer
U0037,2023-02-10,30,Credit Card
U0038,2022-07-07,30,PayPal
U0038,2022-08-07,30,Credit Card
U0038,2022-09-07,30,Credit Card
U0038,2022-10-07,30,Credit Card
U0038,2022-11-07,30,Credit Card
U0038,2022-12-07,30,Bank Transfer
U0039,2022-09-06,20,Bank Transfer
U0039,2022-10-06,20,Credit Card
U0039,2022-11-06,20,Credit Card
U0040,2022-12-16,10,Credit Card
U0040,2023-01-16,10,PayPal
U0040,2023-02-16,10,Bank Transfer
U0041,2022-12-27,30,Bank Transfer
U0041,2023-01-27,30,Credit Card
U0041,2023-02-27,30,Bank Transfer
U0042,2022-04-14,30,Bank Transfer
U0042,2022-05-14,30,Credit Card
U0042,2022-06-14,30,Credit Card
U0043,2022-08-04,30,Bank Transfer
U0043,2022-09-04,30,Credit Card
U0043,2022-10-04,30,PayPal
U0044,2022-12-20,20,Credit Card
U0044,2023-01-20,20,Bank Transfer
U0044,2023-02-20,20,Bank Transfer
U0045,2022-03-21,20,PayPal
U0045,2022-04-21,20,PayPal
U0045,2022-05-21,20,Bank Transfer
U0045,2022-06-21,20,Credit Card
U0045,2022-07-21,20,Credit Card
U0045,2022-08-21,20,Bank Transfer
U0046,2022-06-15,30,Bank Transfer
U0046,2022-07-15,30,PayPal
U0046,2022-08-15,30,Bank Transfer
U0046,2022-09-15,30,Credit Card
U0046,2022-10-15,30,PayPal
U0046,2022-11-15,30,Bank Transfer
U0046,2022-12-15,30,Bank Transfer
U0046,2023-01-15,30,PayPal
U0046,2023-02-15,30,PayPal
U0046,2023-03-15,30,Bank Transfer
U0046,2023-04-15,30,Credit Card
U0046,2023-05-15,30,PayPal
U0047,2022-12-27,20,Credit Card
U0048,2022-04-27,10,PayPal
U0048,2022-05-27,10,PayPal
U0048,2022-06-27,10,PayPal
U0048,2022-07-27,10,PayPal
U0048,2022-08-27,10,PayPal
U0048,2022-09-27,10,Bank Transfer
U0049,2022-01-23,10,PayPal
U0049,2022-02-23,10,Credit Card
U0049,2022-03-23,10,PayPal
U0049,2022-04-23,10,Bank Transfer
U0049,2022-05-23,10,Bank Transfer
U0049,2022-06-23,10,Bank Transfer
U0050,2022-01-03,10,PayPal
U0050,2022-02-03,10,PayPal
U0050,2022-03-03,10,PayPal
U0051,2022-08-11,30,Bank Transfer
U0051,2022-09-11,30,PayPal
U0051,2022-10-11,30,Credit Card
U0052,2022-07-21,20,Bank Transfer
U0052,2022-08-21,20,Credit Card
U0052,2022-09-21,20,Credit Card
U0053,2022-07-06,20,Bank Transfer
U0053,2022-08-06,20,PayPal
U0053,2022-09-06,20,PayPal
U0054,2022-04-27,20,Credit Card
U0054,2022-05-27,20,PayPal
U0054,2022-06-27,20,Credit Card
U0054,2022-07-27,20,Bank Transfer
U0054,2022-08-27,20,Credit Card
U0054,2022-09-27,20,PayPal
U0055,2022-03-10,20,PayPal
U0055,2022-04-10,20,Bank Transfer
U0055,2022-05-10,20,PayPal
U0056,2022-05-22,30,PayPal
U0056,2022-06-22,30,Bank Transfer
U0056,2022-07-22,30,PayPal
U0056,2022-08-22,30,Bank Transfer
U0056,2022-09-22,30,PayPal
U0056,2022-10-22,30,PayPal
U0056,2022-11-22,30,Bank Transfer
U0056,2022-12-22,30,Bank Transfer
U0056,2023-01-22,30,Credit Card
U0056,2023-02-22,30,Credit Card
U0056,2023-03-22,30,Bank Transfer
U0056,2023-04-22,30,Credit Card
U0057,2022-12-12,10,Credit Card
U0057,2023-01-12,10,PayPal
U0057,2023-02-12,10,Bank Transfer
U0058,2022-08-06,30,PayPal
U0058,2022-09-06,30,Bank Transfer
U0058,2022-10-06,30,PayPal
U0058,2022-11-06,30,Bank Transfer
U0058,2022-12-06,30,PayPal
U0058,2023-01-06,30,PayPal
U0058,2023-02-06,30,PayPal
U0058,2023-03-06,30,Credit Card
U0058,2023-04-06,30,Bank Transfer
U0058,2023-05-06,30,Credit Card
U0058,2023-06-06,30,Credit Card
U0058,2023-07-06,30,Credit Card
U0059,2022-10-15,20,PayPal
U0059,2022-11-15,20,PayPal
U0059,2022-12-15,20,Credit Card
U0059,2023-01-15,20,PayPal
U0059,2023-02-15,20,Bank Transfer
U0059,2023-03-15,20,Bank Transfer
U0060,2022-06-01,20,PayPal
U0060,2022-07-01,20,Bank Transfer
U0060,2022-08-01,20,Bank Transfer
U0061,2022-05-24,10,Credit Card
U0061,2022-06-24,10,PayPal
U0061,2022-07-24,10,PayPal
U0061,2022-08-24,10,Credit Card
U0061,2022-09-24,10,Credit Card
U0061,2022-10-24,10,Credit Card
U0062,2022-06-29,30,PayPal
U0062,2022-07-29,30,Bank Transfer
U0062,2022-08-29,30,Credit Card
U0062,2022-09-29,30,Credit Card
U0062,2022-10-29,30,PayPal
U0062,2022-11-29,30,Credit Card
U0063,2022-12-09,30,Credit Card
U0063,2023-01-09,30,Credit Card
U0063,2023-02-09,30,Bank Transfer
U0063,2023-03-09,30,Credit Card
U0063,2023-04-09,30,Bank Transfer
U0063,2023-05-09,30,PayPal
U0063,2023-06-09,30,Credit Card
U0063,2023-07-09,30,PayPal
U0063,2023-08-09,30,Credit Card
U0063,2023-09-09,30,Bank Transfer
U0063,2023-10-09,30,Credit Card
U0063,2023-11-09,30,Bank Transfer
U0064,2022-11-20,10,Bank Transfer
U0064,2022-12-20,10,Bank Transfer
U0064,2023-01-20,10,Credit Card
U0064,2023-02-20,10,Bank Transfer
U0064,2023-03-20,10,Bank Transfer
U0064,2023-04-20,10,Bank Transfer
U0065,2022-01-04,30,Bank Transfer
U0065,2022-02-04,30,Bank Transfer
U0065,2022-03-04,30,Credit Card
U0066,2022-03-22,10,Bank Transfer
U0066,2022-04-22,10,Credit Card
U0066,2022-05-22,10,Bank Transfer
U0066,2022-06-22,10,Credit Card
U0066,2022-07-22,10,Credit Card
U0066,2022-08-22,10,Bank Transfer
U0066,2022-09-22,10,Credit Card
U0066,2022-10-22,10,Credit Card
U0066,2022-11-22,10,Bank Transfer
U0066,2022-12-22,10,PayPal
U0066,2023-01-22,10,Bank Transfer
U0066,2023-02-22,10,PayPal
U0067,2022-06-14,10,PayPal
U0067,2022-07-14,10,Bank Transfer
U0067,2022-08-14,10,Credit Card
U0068,2022-08-25,20,Bank Transfer
U0068,2022-09-25,20,Bank Transfer
U0068,2022-10-25,20,Credit Card
U0068,2022-11-25,20,Credit Card
U0068,2022-12-25,20,Bank Transfer
U0068,2023-01-25,20,Bank Transfer
U0069,2022-11-19,10,Bank Transfer
U0069,2022-12-19,10,PayPal
U0069,2023-01-19,10,Credit Card
U0070,2022-04-27,10,Bank Transfer
U0070,2022-05-27,10,Bank Transfer
U0070,2022-06-27,10,Credit Card
U0070,2022-07-27,10,Bank Transfer
U0070,2022-08-27,10,Bank Transfer
U0070,2022-09-27,10,PayPal
U0071,2022-12-07,10,Credit Card
U0072,2022-09-26,30,Bank Transfer
U0073,2022-06-03,10,PayPal
U0073,2022-07-03,10,PayPal
U0073,2022-08-03,10,PayPal
U0073,2022-09-03,10,Credit Card
U0073,2022-10-03,10,Bank Transfer
U0073,2022-11-03,10,Credit Card
U0073,2022-12-03,10,Credit Card
U0073,2023-01-03,10,Bank Transfer
U0073,2023-02-03,10,PayPal
U0073,2023-03-03,10,PayPal
U0073,2023-04-03,10,PayPal
U0073,2023-05-03,10,PayPal
U0074,2022-10-03,20,Bank Transfer
U0074,2022-11-03,20,Credit Card
U0074,2022-12-03,20,PayPal
U0075,2022-03-31,10,PayPal
U0075,2022-04-30,10,Credit Card
U0075,2022-05-31,10,PayPal
U0075,2022-06-30,10,Credit Card
U0075,2022-07-31,10,PayPal
U0075,2022-08-31,10,Credit Card
U0076,2022-10-22,10,PayPal
U0076,2022-11-22,10,PayPal
U0076,2022-12-22,10,PayPal
U0076,2023-01-22,10,Bank Transfer
U0076,2023-02-22,10,PayPal
U0076,2023-03-22,10,Bank Transfer
U0076,2023-04-22,10,Bank Transfer
U0076,2023-05-22,10,Credit Card
U0076,2023-06-22,10,Credit Card
U0076,2023-07-22,10,Credit Card
U0076,2023-08-22,10,PayPal
U0076,2023-09-22,10,Bank Transfer
U0077,2022-03-30,20,Credit Card
U0078,2022-02-19,20,Credit Card
U0079,2022-10-26,10,PayPal
U0080,2022-04-13,10,Bank Transfer
U0080,2022-05-13,10,Credit Card
U0080,2022-06-13,10,Bank Transfer
U0080,2022-07-13,10,PayPal
U0080,2022-08-13,10,Bank Transfer
U0080,2022-09-13,10,PayPal
U0081,2022-11-13,10,Credit Card
U0081,2022-12-13,10,Credit Card
U0081,2023-01-13,10,Bank Transfer
U0081,2023-02-13,10,Credit Card
U0081,2023-03-13,10,Bank Transfer
U0081,2023-04-13,10,Credit Card
U0082,2022-09-24,10,PayPal
U0082,2022-10-24,10,Credit Card
U0082,2022-11-24,10,Bank Transfer
U0083,2022-11-28,30,Bank Transfer
U0083,2022-12-28,30,Bank Transfer
U0083,2023-01-28,30,Credit Card
U0083,2023-02-28,30,Credit Card
U0083,2023-03-28,30,Credit Card
U0083,2023-04-28,30,Bank Transfer
U0083,2023-05-28,30,Bank Transfer
U0083,2023-06-28,30,Credit Card
U0083,2023-07-28,30,Credit Card
U0083,2023-08-28,30,Bank Transfer
U0083,2023-09-28,30,Credit Card
U0083,2023-10-28,30,Credit Card
U0084,2022-09-24,30,PayPal
U0085,2022-04-09,30,Credit Card
U0085,2022-05-09,30,Credit Card
U0085,2022-06-09,30,PayPal
U0086,2022-11-19,10,Credit Card
U0086,2022-12-19,10,Credit Card
U0086,2023-01-19,10,PayPal
U0086,2023-02-19,10,Bank Transfer
U0086,2023-03-19,10,PayPal
U0086,2023-04-19,10,PayPal
U0086,2023-05-19,10,PayPal
U0086,2023-06-19,10,PayPal
U0086,2023-07-19,10,Bank Transfer
U0086,2023-08-19,10,Credit Card
U0086,2023-09-19,10,PayPal
U0086,2023-10-19,10,Credit Card
U0087,2022-10-21,20,Credit Card
U0088,2022-03-30,10,PayPal
U0089,2022-03-20,10,Credit Card
U0089,2022-04-20,10,Credit Card
U0089,2022-05-20,10,Credit Card
U0089,2022-06-20,10,PayPal
U0089,2022-07-20,10,Bank Transfer
U0089,2022-08-20,10,Bank Transfer
U0090,2022-09-23,30,Bank Transfer
U0090,2022-10-23,30,Credit Card
U0090,2022-11-23,30,Bank Transfer
U0091,2022-01-31,20,PayPal
U0092,2022-07-30,20,Credit Card
U0092,2022-08-30,20,Bank Transfer
U0092,2022-09-30,20,Credit Card
U0093,2022-11-20,10,Credit Card
U0093,2022-12-20,10,Credit Card
U0093,2023-01-20,10,Bank Transfer
U0094,2022-02-04,10,Credit Card
U0094,2022-03-04,10,Bank Transfer
U0094,2022-04-04,10,PayPal
U0094,2022-05-04,10,PayPal
U0094,2022-06-04,10,Bank Transfer
U0094,2022-07-04,10,Credit Card
U0094,2022-08-04,10,Credit Card
U0094,2022-09-04,10,Bank Transfer
U0094,2022-10-04,10,Bank Transfer
U0094,2022-11-04,10,Bank Transfer
U0094,2022-12-04,10,PayPal
U0094,2023-01-04,10,PayPal
U0095,2022-12-11,20,PayPal
U0096,2022-04-27,20,Credit Card
U0096,2022-05-27,20,Bank Transfer
U0096,2022-06-27,20,Credit Card
U0096,2022-07-27,20,Credit Card
U0096,2022-08-27,20,Bank Transfer
U0096,2022-09-27,20,Credit Card
U0097,2022-08-11,30,PayPal
U0097,2022-09-11,30,PayPal
U0097,2022-10-11,30,Credit Card
U0097,2022-11-11,30,Bank Transfer
U0097,2022-12-11,30,PayPal
U0097,2023-01-11,30,Bank Transfer
U0097,2023-02-11,30,Bank Transfer
U0097,2023-03-11,30,Bank Transfer
U0097,2023-04-11,30,Credit Card
U0097,2023-05-11,30,PayPal
U0097,2023-06-11,30,Bank Transfer
U0097,2023-07-11,30,Credit Card
U0098,2022-01-15,30,Bank Transfer
U0099,2022-10-19,30,Credit Card
U0099,2022-11-19,30,Credit Card
U0099,2022-12-19,30,Credit Card
U0099,2023-01-19,30,Credit Card
U0099,2023-02-19,30,PayPal
U0099,2023-03-19,30,PayPal
U0099,2023-04-19,30,PayPal
U0099,2023-05-19,30,Bank Transfer
U0099,2023-06-19,30,Bank Transfer
U0099,2023-07-19,30,Credit Card
U0099,2023-08-19,30,PayPal
U0099,2023-09-19,30,Credit Card
U0100,2022-01-22,10,Credit Card
U0100,2022-02-22,10,PayPal
U0100,2022-03-22,10,Credit Card
U0100,2022-04-22,10,Credit Card
U0100,2022-05-22,10,Bank Transfer
U0100,2022-06-22,10,Bank Transfer
U0101,2022-12-29,20,Bank Transfer
U0101,2023-01-29,20,Credit Card
U0101,2023-02-28,20,Bank Transfer
U0101,2023-03-29,20,Credit Card
U0101,2023-04-29,20,Credit Card
U0101,2023-05-29,20,Bank Transfer
U0102,2022-08-01,30,Credit Card
U0103,2022-09-09,30,PayPal
U0104,2022-08-09,30,Credit Card
U0104,2022-09-09,30,Credit Card
U0104,2022-10-09,30,Bank Transfer
U0104,2022-11-09,30,PayPal
U0104,2022-12-09,30,Credit Card
U0104,2023-01-09,30,Credit Card
U0105,2022-09-03,30,PayPal
U0105,2022-10-03,30,Credit Card
U0105,2022-11-03,30,PayPal
U0106,2022-06-30,30,Bank Transfer
U0106,2022-07-30,30,Bank Transfer
U0106,2022-08-30,30,PayPal
U0107,2022-08-07,20,PayPal
U0107,2022-09-07,20,Credit Card
U0107,2022-10-07,20,Bank Transfer
U0107,2022-11-07,20,Credit Card
U0107,2022-12-07,20,PayPal
U0107,2023-01-07,20,Bank Transfer
U0107,2023-02-07,20,Credit Card
U0107,2023-03-07,20,Bank Transfer
U0107,2023-04-07,20,Credit Card
U0107,2023-05-07,20,Bank Transfer
U0107,2023-06-07,20,Bank Transfer
U0107,2023-07-07,20,Bank Transfer
U0108,2022-01-03,10,PayPal
U0108,2022-02-03,10,Bank Transfer
U0108,2022-03-03,10,PayPal
U0108,2022-04-03,10,Bank Transfer
U0108,2022-05-03,10,PayPal
U0108,2022-06-03,10,Credit Card
U0109,2022-07-27,20,Bank Transfer
U0110,2022-11-06,10,Credit Card
U0110,2022-12-06,10,Credit Card
U0110,2023-01-06,10,Credit Card
U0110,2023-02-06,10,Credit Card
U0110,2023-03-06,10,PayPal
U0110,2023-04-06,10,PayPal
U0111,2022-10-12,30,Credit Card
U0111,2022-11-12,30,Bank Transfer
U0111,2022-12-12,30,PayPal
U0111,2023-01-12,30,Credit Card
U0111,2023-02-12,30,Bank Transfer
U0111,2023-03-12,30,PayPal
U0111,2023-04-12,30,Bank Transfer
U0111,2023-05-12,30,PayPal
U0111,2023-06-12,30,PayPal
U0111,2023-07-12,30,Credit Card
U0111,2023-08-12,30,Credit Card
U0111,2023-09-12,30,Credit Card
U0112,2022-05-09,20,Credit Card
U0112,2022-06-09,20,PayPal
U0112,2022-07-09,20,PayPal
U0112,2022-08-09,20,Credit Card
U0112,2022-09-09,20,Credit Card
U0112,2022-10-09,20,Credit Card
U0112,2022-11-09,20,PayPal
U0112,2022-12-09,20,PayPal
U0112,2023-01-09,20,PayPal
U0112,2023-02-09,20,Bank Transfer
U0112,2023-03-09,20,Bank Transfer
U0112,2023-04-09,20,Bank Transfer
U0113,2022-06-18,10,Bank Transfer
U0113,2022-07-18,10,PayPal
U0113,2022-08-18,10,Bank Transfer
U0113,2022-09-18,10,PayPal
U0113,2022-10-18,10,Bank Transfer
U0113,2022-11-18,10,Credit Card
U0113,2022-12-18,10,Bank Transfer
U0113,2023-01-18,10,Bank Transfer
U0113,2023-02-18,10,Credit Card
U0113,2023-03-18,10,PayPal
U0113,2023-04-18,10,Bank Transfer
U0113,2023-05-18,10,Credit Card
U0114,2022-05-21,20,PayPal
U0114,2022-06-21,20,PayPal
U0114,2022-07-21,20,PayPal
U0114,2022-08-21,20,Credit Card
U0114,2022-09-21,20,Bank Transfer
U0114,2022-10-21,20,Bank Transfer
U0115,2022-04-03,10,PayPal
U0115,2022-05-03,10,Credit Card
U0115,2022-06-03,10,PayPal
U0115,2022-07-03,10,Bank Transfer
U0115,2022-08-03,10,Bank Transfer
U0115,2022-09-03,10,Bank Transfer
U0115,2022-10-03,10,Bank Transfer
U0115,2022-11-03,10,PayPal
U0115,2022-12-03,10,PayPal
U0115,2023-01-03,10,Credit Card
U0115,2023-02-03,10,Bank Transfer
U0115,2023-03-03,10,PayPal
U0116,2022-05-23,20,Bank Transfer
U0116,2022-06-23,20,Bank Transfer
U0116,2022-07-23,20,Credit Card
U0116,2022-08-23,20,Bank Transfer
U0116,2022-09-23,20,Bank Transfer
U0116,2022-10-23,20,Credit Card
U0116,2022-11-23,20,PayPal
U0116,2022-12-23,20,Credit Card
U0116,2023-01-23,20,Credit Card
U0116,2023-02-23,20,Credit Card
U0116,2023-03-23,20,Bank Transfer
U0116,2023-04-23,20,Credit Card
U0117,2022-03-19,10,PayPal
U0117,2022-04-19,10,PayPal
U0117,2022-05-19,10,Credit Card
U0117,2022-06-19,10,Credit Card
U0117,2022-07-19,10,PayPal
U0117,2022-08-19,10,Credit Card
U0117,2022-09-19,10,Credit Card
U0117,2022-10-19,10,PayPal
U0117,2022-11-19,10,Credit Card
U0117,2022-12-19,10,Credit Card
U0117,2023-01-19,10,Bank Transfer
U0117,2023-02-19,10,PayPal
U0118,2022-03-21,20,Credit Card
U0118,2022-04-21,20,PayPal
U0118,2022-05-21,20,Bank Transfer
U0118,2022-06-21,20,PayPal
U0118,2022-07-21,20,Bank Transfer
U0118,2022-08-21,20,Bank Transfer
U0119,2022-09-29,20,Credit Card
U0120,2022-01-01,10,Bank Transfer
U0120,2022-02-01,10,PayPal
U0120,2022-03-01,10,Bank Transfer
U0120,2022-04-01,10,Bank Transfer
U0120,2022-05-01,10,Credit Card
U0120,2022-06-01,10,Credit Card
U0120,2022-07-01,10,Bank Transfer
U0120,2022-08-01,10,Credit Card
U0120,2022-09-01,10,Bank Transfer
U0120,2022-10-01,10,PayPal
U0120,2022-11-01,10,Credit Card
U0120,2022-12-01,10,PayPal
U0121,2022-05-11,30,Bank Transfer
U0122,2022-05-25,20,Credit Card
U0122,2022-06-25,20,Bank Transfer
U0122,2022-07-25,20,Credit Card
U0123,2022-12-24,20,Bank Transfer
U0123,2023-01-24,20,PayPal
U0123,2023-02-24,20,PayPal
U0123,2023-03-24,20,PayPal
U0123,2023-04-24,20,PayPal
U0123,2023-05-24,20,Credit Card
U0124,2022-04-18,10,PayPal
U0124,2022-05-18,10,Bank Transfer
U0124,2022-06-18,10,Bank Transfer
U0124,2022-07-18,10,Bank Transfer
U0124,2022-08-18,10,Credit Card
U0124,2022-09-18,10,Credit Card
U0124,2022-10-18,10,Credit Card
U0124,2022-11-18,10,PayPal
U0124,2022-12-18,10,Credit Card
U0124,2023-01-18,10,PayPal
U0124,2023-02-18,10,Bank Transfer
U0124,2023-03-18,10,Credit Card
U0125,2022-11-14,30,Bank Transfer
U0125,2022-12-14,30,Bank Transfer
U0125,2023-01-14,30,Bank Transfer
U0125,2023-02-14,30,Credit Card
U0125,2023-03-14,30,Bank Transfer
U0125,2023-04-14,30,Bank Transfer
U0126,2022-09-28,20,PayPal
U0127,2022-05-02,10,Credit Card
U0127,2022-06-02,10,Bank Transfer
U0127,2022-07-02,10,Bank Transfer
U0128,2022-04-29,30,Credit Card
U0128,2022-05-29,30,Bank Transfer
U0128,2022-06-29,30,PayPal
U0128,2022-07-29,30,Credit Card
U0128,2022-08-29,30,PayPal
U0128,2022-09-29,30,Bank Transfer
U0129,2022-04-20,30,Bank Transfer
U0129,2022-05-20,30,PayPal
U0129,2022-06-20,30,Bank Transfer
U0130,2022-09-14,20,Bank Transfer
U0130,2022-10-14,20,Credit Card
U0130,2022-11-14,20,Credit Card
U0131,2022-11-03,20,Bank Transfer
U0131,2022-12-03,20,Credit Card
U0131,2023-01-03,20,Credit Card
U0132,2022-11-22,10,Credit Card
U0132,2022-12-22,10,Bank Transfer
U0132,2023-01-22,10,Bank Transfer
U0133,2022-02-11,10,Bank Transfer
U0134,2022-01-09,30,Credit Card
U0134,2022-02-09,30,Bank Transfer
U0134,2022-03-09,30,Credit Card
U0134,2022-04-09,30,Credit Card
U0134,2022-05-09,30,Bank Transfer
U0134,2022-06-09,30,Bank Transfer
U0135,2022-12-06,10,Credit Card
U0135,2023-01-06,10,PayPal
U0135,2023-02-06,10,Credit Card
U0135,2023-03-06,10,PayPal
U0135,2023-04-06,10,Bank Transfer
U0135,2023-05-06,10,PayPal
U0136,2022-05-26,20,Credit Card
U0136,2022-06-26,20,Bank Transfer
U0136,2022-07-26,20,Bank Transfer
U0136,2022-08-26,20,PayPal
U0136,2022-09-26,20,PayPal
U0136,2022-10-26,20,Credit Card
U0137,2022-05-26,30,PayPal
U0137,2022-06-26,30,Credit Card
U0137,2022-07-26,30,Bank Transfer
U0138,2022-12-18,10,Bank Transfer
U0138,2023-01-18,10,PayPal
U0138,2023-02-18,10,Bank Transfer
U0139,2022-06-14,20,Credit Card
U0139,2022-07-14,20,PayPal
U0139,2022-08-14,20,Credit Card
U0139,2022-09-14,20,PayPal
U0139,2022-10-14,20,Bank Transfer
U0139,2022-11-14,20,PayPal
U0139,2022-12-14,20,Bank Transfer
U0139,2023-01-14,20,Credit Card
U0139,2023-02-14,20,PayPal
U0139,2023-03-14,20,PayPal
U0139,2023-04-14,20,Credit Card
U0139,2023-05-14,20,Credit Card
U0140,2022-06-06,10,Credit Card
U0140,2022-07-06,10,Credit Card
U0140,2022-08-06,10,PayPal
U0140,2022-09-06,10,Credit Card
U0140,2022-10-06,10,Credit Card
U0140,2022-11-06,10,Credit Card
U0140,2022-12-06,10,PayPal
U0140,2023-01-06,10,PayPal
U0140,2023-02-06,10,Credit Card
U0140,2023-03-06,10,PayPal
U0140,2023-04-06,10,Bank Transfer
U0140,2023-05-06,10,Credit Card
U0141,2022-04-14,30,PayPal
U0141,2022-05-14,30,PayPal
U0141,2022-06-14,30,Bank Transfer
U0141,2022-07-14,30,PayPal
U0141,2022-08-14,30,PayPal
U0141,2022-09-14,30,Credit Card
U0142,2022-10-10,30,Bank Transfer
U0142,2022-11-10,30,Bank Transfer
U0142,2022-12-10,30,Bank Transfer
U0142,2023-01-10,30,Bank Transfer
U0142,2023-02-10,30,Bank Transfer
U0142,2023-03-10,30,Credit Card
U0143,2022-06-22,10,Credit Card
U0143,2022-07-22,10,Credit Card
U0143,2022-08-22,10,PayPal
U0143,2022-09-22,10,PayPal
U0143,2022-10-22,10,Bank Transfer
U0143,2022-11-22,10,PayPal
U0143,2022-12-22,10,Credit Card
U0143,2023-01-22,10,Bank Transfer
U0143,2023-02-22,10,PayPal
U0143,2023-03-22,10,Bank Transfer
U0143,2023-04-22,10,Bank Transfer
U0143,2023-05-22,10,Bank Transfer
U0144,2022-09-08,20,Bank Transfer
U0145,2022-11-02,20,Credit Card
U0145,2022-12-02,20,PayPal
U0145,2023-01-02,20,Bank Transfer
U0146,2022-03-12,20,Bank Transfer
U0146,2022-04-12,20,PayPal
U0146,2022-05-12,20,PayPal
U0146,2022-06-12,20,Credit Card
U0146,2022-07-12,20,Bank Transfer
U0146,2022-08-12,20,PayPal
U0146,2022-09-12,20,PayPal
U0146,2022-10-12,20,PayPal
U0146,2022-11-12,20,Credit Card
U0146,2022-12-12,20,Credit Card
U0146,2023-01-12,20,Credit Card
U0146,2023-02-12,20,Credit Card
U0147,2022-08-25,30,Bank Transfer
U0147,2022-09-25,30,Credit Card
U0147,2022-10-25,30,PayPal
U0147,2022-11-25,30,Credit Card
U0147,2022-12-25,30,Bank Transfer
U0147,2023-01-25,30,Credit Card
U0147,2023-02-25,30,PayPal
U0147,2023-03-25,30,Credit Card
U0147,2023-04-25,30,Credit Card
U0147,2023-05-25,30,Credit Card
U0147,2023-06-25,30,Bank Transfer
U0147,2023-07-25,30,PayPal
U0148,2022-06-20,10,PayPal
U0148,2022-07-20,10,Bank Transfer
U0148,2022-08-20,10,Credit Card
U0148,2022-09-20,10,PayPal
U0148,2022-10-20,10,Bank Transfer
U0148,2022-11-20,10,Bank Transfer
U0148,2022-12-20,10,Bank Transfer
U0148,2023-01-20,10,PayPal
U0148,2023-02-20,10,Bank Transfer
U0148,2023-03-20,10,PayPal
U0148,2023-04-20,10,PayPal
U0148,2023-05-20,10,Credit Card
U0149,2022-08-25,20,Bank Transfer
U0149,2022-09-25,20,Credit Card
U0149,2022-10-25,20,PayPal
U0149,2022-11-25,20,Bank Transfer
U0149,2022-12-25,20,PayPal
U0149,2023-01-25,20,Credit Card
U0150,2022-02-19,30,Bank Transfer
U0150,2022-03-19,30,Bank Transfer
U0150,2022-04-19,30,PayPal
U0150,2022-05-19,30,Bank Transfer
U0150,2022-06-19,30,Credit Card
U0150,2022-07-19,30,PayPal
U0151,2022-05-01,20,Credit Card
U0151,2022-06-01,20,PayPal
U0151,2022-07-01,20,Credit Card
U0151,2022-08-01,20,Credit Card
U0151,2022-09-01,20,Credit Card
U0151,2022-10-01,20,Bank Transfer
U0152,2022-07-01,20,Credit Card
U0152,2022-08-01,20,Credit Card
U0152,2022-09-01,20,Credit Card
U0152,2022-10-01,20,Credit Card
U0152,2022-11-01,20,Bank Transfer
U0152,2022-12-01,20,PayPal
U0153,2022-11-19,30,PayPal
U0153,2022-12-19,30,Credit Card
U0153,2023-01-19,30,PayPal
U0154,2022-10-10,10,Bank Transfer
U0154,2022-11-10,10,Bank Transfer
U0154,2022-12-10,10,PayPal
U0154,2023-01-10,10,PayPal
U0154,2023-02-10,10,Credit Card
U0154,2023-03-10,10,Credit Card
U0154,2023-04-10,10,PayPal
U0154,2023-05-10,10,Bank Transfer
U0154,2023-06-10,10,Bank Transfer
U0154,2023-07-10,10,Bank Transfer
U0154,2023-08-10,10,Credit Card
U0154,2023-09-10,10,PayPal
U0155,2022-04-17,20,Credit Card
U0155,2022-05-17,20,PayPal
U0155,2022-06-17,20,PayPal
U0155,2022-07-17,20,Credit Card
U0155,2022-08-17,20,Credit Card
U0155,2022-09-17,20,Credit Card
U0156,2022-06-24,10,PayPal
U0156,2022-07-24,10,Credit Card
U0156,2022-08-24,10,Credit Card
U0157,2022-07-12,10,Credit Card
U0157,2022-08-12,10,PayPal
U0157,2022-09-12,10,Bank Transfer
U0158,2022-07-02,10,PayPal
U0159,2022-04-27,30,PayPal
U0160,2022-05-21,30,Credit Card
U0160,2022-06-21,30,Credit Card
U0160,2022-07-21,30,Bank Transfer
U0160,2022-08-21,30,PayPal
U0160,2022-09-21,30,PayPal
U0160,2022-10-21,30,Credit Card
U0161,2022-10-02,20,Credit Card
U0161,2022-11-02,20,Bank Transfer
U0161,2022-12-02,20,PayPal
U0161,2023-01-02,20,PayPal
U0161,2023-02-02,20,PayPal
U0161,2023-03-02,20,PayPal
U0162,2022-10-21,10,Bank Transfer
U0162,2022-11-21,10,PayPal
U0162,2022-12-21,10,Bank Transfer
U0163,2022-10-15,10,PayPal
U0164,2022-07-22,30,Bank Transfer
U0164,2022-08-22,30,Credit Card
U0164,2022-09-22,30,Credit Card
U0165,2022-02-06,20,Credit Card
U0166,2022-08-06,20,Bank Transfer
U0166,2022-09-06,20,PayPal
U0166,2022-10-06,20,Bank Transfer
U0166,2022-11-06,20,PayPal
U0166,2022-12-06,20,Credit Card
U0166,2023-01-06,20,Bank Transfer
U0166,2023-02-06,20,PayPal
U0166,2023-03-06,20,Credit Card
U0166,2023-04-06,20,PayPal
U0166,2023-05-06,20,PayPal
U0166,2023-06-06,20,Bank Transfer
U0166,2023-07-06,20,Bank Transfer
U0167,2022-02-05,20,Bank Transfer
U0168,2022-06-14,20,Credit Card
U0169,2022-07-17,10,PayPal
U0169,2022-08-17,10,Bank Transfer
U0169,2022-09-17,10,PayPal
U0169,2022-10-17,10,PayPal
U0169,2022-11-17,10,Credit Card
U0169,2022-12-17,10,Credit Card
U0169,2023-01-17,10,PayPal
U0169,2023-02-17,10,Bank Transfer
U0169,2023-03-17,10,Bank Transfer
U0169,2023-04-17,10,Bank Transfer
U0169,2023-05-17,10,PayPal
U0169,2023-06-17,10,Bank Transfer
U0170,2022-07-16,10,Credit Card
U0170,2022-08-16,10,Credit Card
U0170,2022-09-16,10,Credit Card
U0170,2022-10-16,10,Bank Transfer
U0170,2022-11-16,10,Bank Transfer
U0170,2022-12-16,10,Credit Card
U0171,2022-08-17,30,Bank Transfer
U0171,2022-09-17,30,PayPal
U0171,2022-10-17,30,Credit Card
U0172,2022-03-24,10,PayPal
U0172,2022-04-24,10,PayPal
U0172,2022-05-24,10,Bank Transfer
U0173,2022-11-26,30,PayPal
U0173,2022-12-26,30,Credit Card
U0173,2023-01-26,30,Bank Transfer
U0174,2022-01-05,30,PayPal
U0174,2022-02-05,30,Credit Card
U0174,2022-03-05,30,Bank Transfer
U0174,2022-04-05,30,Credit Card
U0174,2022-05-05,30,Credit Card
U0174,2022-06-05,30,PayPal
U0174,2022-07-05,30,Bank Transfer
U0174,2022-08-05,30,PayPal
U0174,2022-09-05,30,PayPal
U0174,2022-10-05,30,Bank Transfer
U0174,2022-11-05,30,Credit Card
U0174,2022-12-05,30,PayPal
U0175,2022-09-16,30,Bank Transfer
U0176,2022-03-06,20,Credit Card
U0177,2022-11-22,30,Bank Transfer
U0178,2022-12-17,10,Credit Card
U0179,2022-02-20,10,PayPal
U0179,2022-03-20,10,PayPal
U0179,2022-04-20,10,Bank Transfer
U0179,2022-05-20,10,PayPal
U0179,2022-06-20,10,PayPal
U0179,2022-07-20,10,Credit Card
U0180,2022-12-26,20,Bank Transfer
U0180,2023-01-26,20,Credit Card
U0180,2023-02-26,20,Credit Card
U0181,2022-10-20,20,Credit Card
U0182,2022-08-13,20,Credit Card
U0182,2022-09-13,20,Bank Transfer
U0182,2022-10-13,20,PayPal
U0182,2022-11-13,20,PayPal
U0182,2022-12-13,20,PayPal
U0182,2023-01-13,20,PayPal
U0183,2022-07-06,10,Credit Card
U0184,2022-02-07,30,Bank Transfer
U0184,2022-03-07,30,Credit Card
U0184,2022-04-07,30,PayPal
U0185,2022-12-28,10,Bank Transfer
U0185,2023-01-28,10,Credit Card
U0185,2023-02-28,10,PayPal
U0186,2022-04-23,10,Credit Card
U0186,2022-05-23,10,PayPal
U0186,2022-06-23,10,Bank Transfer
U0186,2022-07-23,10,Credit Card
U0186,2022-08-23,10,Credit Card
U0186,2022-09-23,10,PayPal
U0187,2022-06-25,20,Credit Card
U0187,2022-07-25,20,Credit Card
U0187,2022-08-25,20,PayPal
U0187,2022-09-25,20,PayPal
U0187,2022-10-25,20,PayPal
U0187,2022-11-25,20,PayPal
U0188,2022-01-23,10,PayPal
U0188,2022-02-23,10,Credit Card
U0188,2022-03-23,10,Bank Transfer
U0188,2022-04-23,10,PayPal
U0188,2022-05-23,10,PayPal
U0188,2022-06-23,10,PayPal
U0188,2022-07-23,10,Credit Card
U0188,2022-08-23,10,Credit Card
U0188,2022-09-23,10,Credit Card
U0188,2022-10-23,10,PayPal
U0188,2022-11-23,10,Bank Transfer
U0188,2022-12-23,10,PayPal
U0189,2022-04-11,10,Credit Card
U0189,2022-05-11,10,PayPal
U0189,2022-06-11,10,PayPal
U0190,2022-07-21,30,Bank Transfer
U0190,2022-08-21,30,PayPal
U0190,2022-09-21,30,PayPal
U0191,2022-11-05,10,Bank Transfer
U0192,2022-01-15,10,PayPal
U0192,2022-02-15,10,Bank Transfer
U0192,2022-03-15,10,Bank Transfer
U0192,2022-04-15,10,PayPal
U0192,2022-05-15,10,PayPal
U0192,2022-06-15,10,PayPal
U0193,2022-06-04,20,Credit Card
U0193,2022-07-04,20,Bank Transfer
U0193,2022-08-04,20,PayPal
U0194,2022-05-29,30,PayPal
U0195,2022-04-28,10,Credit Card
U0195,2022-05-28,10,Bank Transfer
U0195,2022-06-28,10,Bank Transfer
U0195,2022-07-28,10,Credit Card
U0195,2022-08-28,10,Credit Card
U0195,2022-09-28,10,PayPal
U0196,2022-12-22,30,PayPal
U0197,2022-05-27,10,PayPal
U0197,2022-06-27,10,PayPal
U0197,2022-07-27,10,Credit Card
U0198,2022-12-31,30,Credit Card
U0198,2023-01-31,30,Credit Card
U0198,2023-02-28,30,Credit Card
U0198,2023-03-31,30,PayPal
U0198,2023-04-30,30,PayPal
U0198,2023-05-31,30,PayPal
U0199,2022-08-22,30,Bank Transfer
U0200,2022-01-11,30,Credit Card
U0200,2022-02-11,30,Credit Card
U0200,2022-03-11,30,PayPal
U0200,2022-04-11,30,Bank Transfer
U0200,2022-05-11,30,Bank Transfer
U0200,2022-06-11,30,Credit Card
U0201,2022-12-14,10,Bank Transfer
U0201,2023-01-14,10,Bank Transfer
U0201,2023-02-14,10,Credit Card
U0202,2022-03-26,20,PayPal
U0202,2022-04-26,20,Credit Card
U0202,2022-05-26,20,PayPal
U0202,2022-06-26,20,Credit Card
U0202,2022-07-26,20,Bank Transfer
U0202,2022-08-26,20,PayPal
U0202,2022-09-26,20,Bank Transfer
U0202,2022-10-26,20,Bank Transfer
U0202,2022-11-26,20,Bank Transfer
U0202,2022-12-26,20,Credit Card
U0202,2023-01-26,20,Bank Transfer
U0202,2023-02-26,20,PayPal
U0203,2022-02-03,20,Bank Transfer
U0203,2022-03-03,20,Credit Card
U0203,2022-04-03,20,PayPal
U0204,2022-01-31,20,Credit Card
U0204,2022-02-28,20,Credit Card
U0204,2022-03-31,20,Credit Card
U0204,2022-04-30,20,PayPal
U0204,2022-05-31,20,Credit Card
U0204,2022-06-30,20,PayPal
U0205,2022-08-15,10,Credit Card
U0206,2022-02-25,20,Credit Card
U0206,2022-03-25,20,PayPal
U0206,2022-04-25,20,PayPal
U0206,2022-05-25,20,PayPal
U0206,2022-06-25,20,PayPal
U0206,2022-07-25,20,Credit Card
U0207,2022-05-29,10,PayPal
U0207,2022-06-29,10,PayPal
U0207,2022-07-29,10,Credit Card
U0207,2022-08-29,10,Credit Card
U0207,2022-09-29,10,Credit Card
U0207,2022-10-29,10,Bank Transfer
U0207,2022-11-29,10,Bank Transfer
U0207,2022-12-29,10,Credit Card
U0207,2023-01-29,10,PayPal
U0207,2023-02-28,10,Bank Transfer
U0207,2023-03-29,10,Credit Card
U0207,2023-04-29,10,PayPal
U0208,2022-09-05,10,PayPal
U0208,2022-10-05,10,Bank Transfer
U0208,2022-11-05,10,PayPal
U0209,2022-10-15,30,Bank Transfer
U0209,2022-11-15,30,Credit Card
U0209,2022-12-15,30,Credit Card
U0210,2022-01-19,30,Credit Card
U0210,2022-02-19,30,Credit Card
U0210,2022-03-19,30,Credit Card
U0210,2022-04-19,30,PayPal
U0210,2022-05-19,30,PayPal
U0210,2022-06-19,30,Credit Card
U0211,2022-09-25,30,PayPal
U0211,2022-10-25,30,Bank Transfer
U0211,2022-11-25,30,PayPal
U0212,2022-12-23,30,PayPal
U0212,2023-01-23,30,Bank Transfer
U0212,2023-02-23,30,Credit Card
U0212,2023-03-23,30,Bank Transfer
U0212,2023-04-23,30,Bank Transfer
U0212,2023-05-23,30,Credit Card
U0213,2022-06-02,20,Credit Card
U0213,2022-07-02,20,PayPal
U0213,2022-08-02,20,PayPal
U0214,2022-04-01,20,Bank Transfer
U0214,2022-05-01,20,Credit Card
U0214,2022-06-01,20,Bank Transfer
U0214,2022-07-01,20,Bank Transfer
U0214,2022-08-01,20,Credit Card
U0214,2022-09-01,20,Credit Card
U0214,2022-10-01,20,PayPal
U0214,2022-11-01,20,Bank Transfer
U0214,2022-12-01,20,PayPal
U0214,2023-01-01,20,PayPal
U0214,2023-02-01,20,Bank Transfer
U0214,2023-03-01,20,Credit Card
U0215,2022-06-23,30,PayPal
U0215,2022-07-23,30,Credit Card
U0215,2022-08-23,30,PayPal
U0215,2022-09-23,30,Credit Card
U0215,2022-10-23,30,Bank Transfer
U0215,2022-11-23,30,PayPal
U0216,2022-07-22,20,Bank Transfer
U0216,2022-08-22,20,Credit Card
U0216,2022-09-22,20,Credit Card
U0216,2022-10-22,20,Credit Card
U0216,2022-11-22,20,Credit Card
U0216,2022-12-22,20,Credit Card
U0216,2023-01-22,20,Credit Card
U0216,2023-02-22,20,Bank Transfer
U0216,2023-03-22,20,Bank Transfer
U0216,2023-04-22,20,Credit Card
U0216,2023-05-22,20,PayPal
U0216,2023-06-22,20,PayPal
U0217,2022-11-22,30,Credit Card
U0218,2022-06-15,30,Credit Card
U0218,2022-07-15,30,Credit Card
U0218,2022-08-15,30,Bank Transfer
U0218,2022-09-15,30,Bank Transfer
U0218,2022-10-15,30,Credit Card
U0218,2022-11-15,30,PayPal
U0218,2022-12-15,30,PayPal
U0218,2023-01-15,30,Bank Transfer
U0218,2023-02-15,30,PayPal
U0218,2023-03-15,30,Bank Transfer
U0218,2023-04-15,30,PayPal
U0218,2023-05-15,30,Credit Card
U0219,2022-11-24,30,Credit Card
U0220,2022-03-06,10,Bank Transfer
U0220,2022-04-06,10,PayPal
U0220,2022-05-06,10,Bank Transfer
U0220,2022-06-06,10,Bank Transfer
U0220,2022-07-06,10,Bank Transfer
U0220,2022-08-06,10,Bank Transfer
U0220,2022-09-06,10,Credit Card
U0220,2022-10-06,10,Credit Card
U0220,2022-11-06,10,Credit Card
U0220,2022-12-06,10,PayPal
U0220,2023-01-06,10,Credit Card
U0220,2023-02-06,10,PayPal
U0221,2022-06-29,10,Credit Card
U0221,2022-07-29,10,Bank Transfer
U0221,2022-08-29,10,PayPal
U0221,2022-09-29,10,Credit Card
U0221,2022-10-29,10,Credit Card
U0221,2022-11-29,10,Bank Transfer
U0221,2022-12-29,10,Bank Transfer
U0221,2023-01-29,10,Bank Transfer
U0221,2023-02-28,10,Bank Transfer
U0221,2023-03-29,10,PayPal
U0221,2023-04-29,10,PayPal
U0221,2023-05-29,10,PayPal
U0222,2022-10-19,20,PayPal
U0222,2022-11-19,20,PayPal
U0222,2022-12-19,20,Credit Card
U0223,2022-10-24,10,Credit Card
U0223,2022-11-24,10,Credit Card
U0223,2022-12-24,10,Bank Transfer
U0223,2023-01-24,10,Credit Card
U0223,2023-02-24,10,Bank Transfer
U0223,2023-03-24,10,PayPal
U0224,2022-02-02,30,Credit Card
U0224,2022-03-02,30,Bank Transfer
U0224,2022-04-02,30,Bank Transfer
U0224,2022-05-02,30,PayPal
U0224,2022-06-02,30,Bank Transfer
U0224,2022-07-02,30,Credit Card
U0224,2022-08-02,30,PayPal
U0224,2022-09-02,30,PayPal
U0224,2022-10-02,30,Bank Transfer
U0224,2022-11-02,30,Credit Card
U0224,2022-12-02,30,Bank Transfer
U0224,2023-01-02,30,Bank Transfer
U0225,2022-04-23,30,Bank Transfer
U0225,2022-05-23,30,PayPal
U0225,2022-06-23,30,Bank Transfer
U0225,2022-07-23,30,Bank Transfer
U0225,2022-08-23,30,Bank Transfer
U0225,2022-09-23,30,PayPal
U0226,2022-03-23,10,PayPal
U0226,2022-04-23,10,Credit Card
U0226,2022-05-23,10,PayPal
U0227,2022-05-16,20,Credit Card
U0227,2022-06-16,20,Bank Transfer
U0227,2022-07-16,20,Bank Transfer
U0227,2022-08-16,20,PayPal
U0227,2022-09-16,20,Bank Transfer
U0227,2022-10-16,20,Credit Card
U0228,2022-12-23,30,Credit Card
U0229,2022-09-19,20,PayPal
U0230,2022-08-31,20,PayPal
U0230,2022-09-30,20,Credit Card
U0230,2022-10-31,20,Bank Transfer
U0230,2022-11-30,20,Credit Card
U0230,2022-12-31,20,PayPal
U0230,2023-01-31,20,Credit Card
U0230,2023-02-28,20,Credit Card
U0230,2023-03-31,20,PayPal
U0230,2023-04-30,20,PayPal
U0230,2023-05-31,20,Bank Transfer
U0230,2023-06-30,20,Credit Card
U0230,2023-07-31,20,Bank Transfer
U0231,2022-10-18,20,Bank Transfer
U0231,2022-11-18,20,Bank Transfer
U0231,2022-12-18,20,Bank Transfer
U0231,2023-01-18,20,Bank Transfer
U0231,2023-02-18,20,PayPal
U0231,2023-03-18,20,Credit Card
U0231,2023-04-18,20,PayPal
U0231,2023-05-18,20,PayPal
U0231,2023-06-18,20,Bank Transfer
U0231,2023-07-18,20,PayPal
U0231,2023-08-18,20,Bank Transfer
U0231,2023-09-18,20,Credit Card
U0232,2022-07-25,20,Credit Card
U0232,2022-08-25,20,Bank Transfer
U0232,2022-09-25,20,Bank Transfer
U0232,2022-10-25,20,PayPal
U0232,2022-11-25,20,Credit Card
U0232,2022-12-25,20,Bank Transfer
U0232,2023-01-25,20,Credit Card
U0232,2023-02-25,20,Credit Card
U0232,2023-03-25,20,Bank Transfer
U0232,2023-04-25,20,Credit Card
U0232,2023-05-25,20,Bank Transfer
U0232,2023-06-25,20,Bank Transfer
U0233,2022-06-20,10,Bank Transfer
U0233,2022-07-20,10,Credit Card
U0233,2022-08-20,10,PayPal
U0234,2022-07-09,30,Bank Transfer
U0234,2022-08-09,30,PayPal
U0234,2022-09-09,30,PayPal
U0234,2022-10-09,30,Bank Transfer
U0234,2022-11-09,30,PayPal
U0234,2022-12-09,30,Bank Transfer
U0234,2023-01-09,30,Bank Transfer
U0234,2023-02-09,30,PayPal
U0234,2023-03-09,30,PayPal
U0234,2023-04-09,30,PayPal
U0234,2023-05-09,30,PayPal
U0234,2023-06-09,30,Credit Card
U0235,2022-05-30,10,Bank Transfer
U0236,2022-05-29,20,Credit Card
U0236,2022-06-29,20,PayPal
U0236,2022-07-29,20,Credit Card
U0237,2022-01-05,30,PayPal
U0237,2022-02-05,30,Credit Card
U0237,2022-03-05,30,PayPal
U0237,2022-04-05,30,PayPal
U0237,2022-05-05,30,Bank Transfer
U0237,2022-06-05,30,Bank Transfer
U0238,2022-10-05,20,PayPal
U0239,2022-02-04,20,Credit Card
U0239,2022-03-04,20,Bank Transfer
U0239,2022-04-04,20,PayPal
U0239,2022-05-04,20,Bank Transfer
U0239,2022-06-04,20,Credit Card
U0239,2022-07-04,20,Credit Card
U0240,2022-10-26,20,Bank Transfer
U0241,2022-10-16,20,Credit Card
U0241,2022-11-16,20,Credit Card
U0241,2022-12-16,20,Bank Transfer
U0242,2022-05-16,30,PayPal
U0242,2022-06-16,30,Credit Card
U0242,2022-07-16,30,PayPal
U0243,2022-03-19,10,PayPal
U0243,2022-04-19,10,PayPal
U0243,2022-05-19,10,Credit Card
U0243,2022-06-19,10,PayPal
U0243,2022-07-19,10,Credit Card
U0243,2022-08-19,10,Credit Card
U0243,2022-09-19,10,Bank Transfer
U0243,2022-10-19,10,Bank Transfer
U0243,2022-11-19,10,PayPal
U0243,2022-12-19,10,Bank Transfer
U0243,2023-01-19,10,Bank Transfer
U0243,2023-02-19,10,PayPal
U0244,2022-03-15,20,Bank Transfer
U0244,2022-04-15,20,Credit Card
U0244,2022-05-15,20,PayPal
U0245,2022-01-21,30,Bank Transfer
U0245,2022-02-21,30,Bank Transfer
U0245,2022-03-21,30,Bank Transfer
U0246,2022-07-21,30,PayPal
U0246,2022-08-21,30,Credit Card
U0246,2022-09-21,30,Credit Card
U0246,2022-10-21,30,Credit Card
U0246,2022-11-21,30,PayPal
U0246,2022-12-21,30,PayPal
U0247,2022-01-23,10,Credit Card
U0247,2022-02-23,10,PayPal
U0247,2022-03-23,10,PayPal
U0247,2022-04-23,10,PayPal
U0247,2022-05-23,10,Bank Transfer
U0247,2022-06-23,10,PayPal
U0248,2022-12-12,20,Bank Transfer
U0248,2023-01-12,20,PayPal
U0248,2023-02-12,20,PayPal
U0248,2023-03-12,20,Credit Card
U0248,2023-04-12,20,Credit Card
U0248,2023-05-12,20,Bank Transfer
U0249,2022-04-27,20,Bank Transfer
U0249,2022-05-27,20,Credit Card
U0249,2022-06-27,20,Bank Transfer
U0250,2022-11-22,30,Credit Card
U0251,2022-01-20,20,PayPal
U0251,2022-02-20,20,Bank Transfer
U0251,2022-03-20,20,Credit Card
U0251,2022-04-20,20,PayPal
U0251,2022-05-20,20,PayPal
U0251,2022-06-20,20,Bank Transfer
U0251,2022-07-20,20,Credit Card
U0251,2022-08-20,20,Credit Card
U0251,2022-09-20,20,Bank Transfer
U0251,2022-10-20,20,PayPal
U0251,2022-11-20,20,Bank Transfer
U0251,2022-12-20,20,Bank Transfer
U0252,2022-03-31,10,Bank Transfer
U0253,2022-08-16,10,Credit Card
U0253,2022-09-16,10,Bank Transfer
U0253,2022-10-16,10,Bank Transfer
U0253,2022-11-16,10,Bank Transfer
U0253,2022-12-16,10,Bank Transfer
U0253,2023-01-16,10,Credit Card
U0254,2022-09-30,20,PayPal
U0254,2022-10-30,20,Credit Card
U0254,2022-11-30,20,Credit Card
U0254,2022-12-30,20,Credit Card
U0254,2023-01-30,20,Bank Transfer
U0254,2023-02-28,20,PayPal
U0255,2022-07-30,20,Credit Card
U0255,2022-08-30,20,Bank Transfer
U0255,2022-09-30,20,PayPal
U0255,2022-10-30,20,Credit Card
U0255,2022-11-30,20,Bank Transfer
U0255,2022-12-30,20,Bank Transfer
U0255,2023-01-30,20,Bank Transfer
U0255,2023-02-28,20,PayPal
U0255,2023-03-30,20,PayPal
U0255,2023-04-30,20,Credit Card
U0255,2023-05-30,20,Credit Card
U0255,2023-06-30,20,Bank Transfer
U0256,2022-08-31,10,Credit Card
U0257,2022-06-28,10,PayPal
U0257,2022-07-28,10,Bank Transfer
U0257,2022-08-28,10,Credit Card
U0258,2022-05-08,20,PayPal
U0258,2022-06-08,20,PayPal
U0258,2022-07-08,20,PayPal
U0259,2022-09-30,20,Credit Card
U0259,2022-10-30,20,Credit Card
U0259,2022-11-30,20,Credit Card
U0259,2022-12-30,20,Credit Card
U0259,2023-01-30,20,Credit Card
U0259,2023-02-28,20,PayPal
U0260,2022-03-15,10,Credit Card
U0260,2022-04-15,10,PayPal
U0260,2022-05-15,10,Credit Card
U0260,2022-06-15,10,PayPal
U0260,2022-07-15,10,Credit Card
U0260,2022-08-15,10,Bank Transfer
U0260,2022-09-15,10,Bank Transfer
U0260,2022-10-15,10,Credit Card
U0260,2022-11-15,10,Bank Transfer
U0260,2022-12-15,10,Bank Transfer
U0260,2023-01-15,10,Credit Card
U0260,2023-02-15,10,PayPal
U0261,2022-02-05,10,Credit Card
U0261,2022-03-05,10,Credit Card
U0261,2022-04-05,10,Credit Card
U0261,2022-05-05,10,Credit Card
U0261,2022-06-05,10,PayPal
U0261,2022-07-05,10,PayPal
U0261,2022-08-05,10,Credit Card
U0261,2022-09-05,10,Bank Transfer
U0261,2022-10-05,10,Credit Card
U0261,2022-11-05,10,PayPal
U0261,2022-12-05,10,Bank Transfer
U0261,2023-01-05,10,Bank Transfer
U0262,2022-03-15,20,Credit Card
U0262,2022-04-15,20,Credit Card
U0262,2022-05-15,20,Bank Transfer
U0262,2022-06-15,20,Credit Card
U0262,2022-07-15,20,Bank Transfer
U0262,2022-08-15,20,Credit Card
U0262,2022-09-15,20,PayPal
U0262,2022-10-15,20,Credit Card
U0262,2022-11-15,20,Bank Transfer
U0262,2022-12-15,20,Bank Transfer
U0262,2023-01-15,20,Bank Transfer
U0262,2023-02-15,20,Credit Card
U0263,2022-01-25,20,PayPal
U0264,2022-05-02,20,Bank Transfer
U0264,2022-06-02,20,Bank Transfer
U0264,2022-07-02,20,Credit Card
U0265,2022-06-30,30,Bank Transfer
U0265,2022-07-30,30,PayPal
U0265,2022-08-30,30,Credit Card
U0265,2022-09-30,30,Credit Card
U0265,2022-10-30,30,Credit Card
U0265,2022-11-30,30,Credit Card
U0266,2022-09-23,30,Credit Card
U0266,2022-10-23,30,PayPal
U0266,2022-11-23,30,Credit Card
U0266,2022-12-23,30,Bank Transfer
U0266,2023-01-23,30,PayPal
U0266,2023-02-23,30,PayPal
U0267,2022-02-13,30,Bank Transfer
U0267,2022-03-13,30,Credit Card
U0267,2022-04-13,30,Bank Transfer
U0267,2022-05-13,30,Bank Transfer
U0267,2022-06-13,30,Bank Transfer
U0267,2022-07-13,30,Bank Transfer
U0268,2022-12-01,30,Credit Card
U0269,2022-07-07,30,PayPal
U0269,2022-08-07,30,Credit Card
U0269,2022-09-07,30,Bank Transfer
U0270,2022-11-06,30,Credit Card
U0270,2022-12-06,30,Credit Card
U0270,2023-01-06,30,Credit Card
U0270,2023-02-06,30,Bank Transfer
U0270,2023-03-06,30,PayPal
U0270,2023-04-06,30,Credit Card
U0270,2023-05-06,30,Credit Card
U0270,2023-06-06,30,Credit Card
U0270,2023-07-06,30,PayPal
U0270,2023-08-06,30,Credit Card
U0270,2023-09-06,30,Credit Card
U0270,2023-10-06,30,Credit Card
U0271,2022-07-12,10,Bank Transfer
U0271,2022-08-12,10,Bank Transfer
U0271,2022-09-12,10,Bank Transfer
U0272,2022-09-27,20,Credit Card
U0272,2022-10-27,20,Credit Card
U0272,2022-11-27,20,Credit Card
U0272,2022-12-27,20,Bank Transfer
U0272,2023-01-27,20,Bank Transfer
U0272,2023-02-27,20,Credit Card
U0273,2022-03-12,10,Credit Card
U0274,2022-10-18,30,PayPal
U0274,2022-11-18,30,Credit Card
U0274,2022-12-18,30,Credit Card
U0274,2023-01-18,30,Bank Transfer
U0274,2023-02-18,30,PayPal
U0274,2023-03-18,30,Bank Transfer
U0274,2023-04-18,30,Bank Transfer
U0274,2023-05-18,30,Bank Transfer
U0274,2023-06-18,30,PayPal
U0274,2023-07-18,30,Bank Transfer
U0274,2023-08-18,30,PayPal
U0274,2023-09-18,30,Credit Card
U0275,2022-06-09,10,Credit Card
U0275,2022-07-09,10,PayPal
U0275,2022-08-09,10,Bank Transfer
U0275,2022-09-09,10,PayPal
U0275,2022-10-09,10,Bank Transfer
U0275,2022-11-09,10,Credit Card
U0276,2022-10-05,20,Credit Card
U0276,2022-11-05,20,Bank Transfer
U0276,2022-12-05,20,Credit Card
U0276,2023-01-05,20,Bank Transfer
U0276,2023-02-05,20,Bank Transfer
U0276,2023-03-05,20,Bank Transfer
U0276,2023-04-05,20,Credit Card
U0276,2023-05-05,20,Credit Card
U0276,2023-06-05,20,Bank Transfer
U0276,2023-07-05,20,PayPal
U0276,2023-08-05,20,PayPal
U0276,2023-09-05,20,PayPal
U0277,2022-12-06,30,PayPal
U0277,2023-01-06,30,Bank Transfer
U0277,2023-02-06,30,PayPal
U0277,2023-03-06,30,PayPal
U0277,2023-04-06,30,Credit Card
U0277,2023-05-06,30,Credit Card
U0277,2023-06-06,30,PayPal
U0277,2023-07-06,30,PayPal
U0277,2023-08-06,30,PayPal
U0277,2023-09-06,30,PayPal
U0277,2023-10-06,30,PayPal
U0277,2023-11-06,30,Bank Transfer
U0278,2022-09-03,30,PayPal
U0278,2022-10-03,30,Credit Card
U0278,2022-11-03,30,PayPal
U0278,2022-12-03,30,PayPal
U0278,2023-01-03,30,Credit Card
U0278,2023-02-03,30,PayPal
U0279,2022-07-31,10,PayPal
U0279,2022-08-31,10,Bank Transfer
U0279,2022-09-30,10,Credit Card
U0279,2022-10-31,10,Credit Card
U0279,2022-11-30,10,Bank Transfer
U0279,2022-12-31,10,Credit Card
U0279,2023-01-31,10,Bank Transfer
U0279,2023-02-28,10,Credit Card
U0279,2023-03-31,10,Credit Card
U0279,2023-04-30,10,Credit Card
U0279,2023-05-31,10,PayPal
U0279,2023-06-30,10,Credit Card
U0280,2022-04-23,10,Bank Transfer
U0280,2022-05-23,10,Credit Card
U0280,2022-06-23,10,PayPal
U0280,2022-07-23,10,Credit Card
U0280,2022-08-23,10,PayPal
U0280,2022-09-23,10,Credit Card
U0281,2022-12-14,10,Credit Card
U0281,2023-01-14,10,Credit Card
U0281,2023-02-14,10,PayPal
U0282,2022-11-15,20,Credit Card
U0282,2022-12-15,20,Credit Card
U0282,2023-01-15,20,Credit Card
U0283,2022-11-16,10,Bank Transfer
U0283,2022-12-16,10,PayPal
U0283,2023-01-16,10,Credit Card
U0284,2022-12-21,30,PayPal
U0284,2023-01-21,30,Credit Card
U0284,2023-02-21,30,Bank Transfer
U0284,2023-03-21,30,Credit Card
U0284,2023-04-21,30,PayPal
U0284,2023-05-21,30,PayPal
U0285,2022-06-20,20,Bank Transfer
U0285,2022-07-20,20,PayPal
U0285,2022-08-20,20,Bank Transfer
U0286,2022-10-21,10,Credit Card
U0287,2022-08-21,20,Bank Transfer
U0287,2022-09-21,20,Bank Transfer
U0287,2022-10-21,20,Bank Transfer
U0288,2022-06-09,30,PayPal
U0289,2022-01-30,30,Credit Card
U0289,2022-02-28,30,Credit Card
U0289,2022-03-30,30,Bank Transfer
U0289,2022-04-30,30,Bank Transfer
U0289,2022-05-30,30,Bank Transfer
U0289,2022-06-30,30,PayPal
U0289,2022-07-30,30,Bank Transfer
U0289,2022-08-30,30,Bank Transfer
U0289,2022-09-30,30,Credit Card
U0289,2022-10-30,30,Bank Transfer
U0289,2022-11-30,30,Credit Card
U0289,2022-12-30,30,Bank Transfer
U0290,2022-11-27,20,PayPal
U0290,2022-12-27,20,PayPal
U0290,2023-01-27,20,Bank Transfer
U0291,2022-12-11,30,PayPal
U0291,2023-01-11,30,Credit Card
U0291,2023-02-11,30,Bank Transfer
U0292,2022-09-18,10,Credit Card
U0292,2022-10-18,10,Bank Transfer
U0292,2022-11-18,10,Bank Transfer
U0292,2022-12-18,10,Credit Card
U0292,2023-01-18,10,Credit Card
U0292,2023-02-18,10,PayPal
U0292,2023-03-18,10,PayPal
U0292,2023-04-18,10,PayPal
U0292,2023-05-18,10,PayPal
U0292,2023-06-18,10,Bank Transfer
U0292,2023-07-18,10,Bank Transfer
U0292,2023-08-18,10,Bank Transfer
U0293,2022-05-02,30,PayPal
U0293,2022-06-02,30,Bank Transfer
U0293,2022-07-02,30,PayPal
U0293,2022-08-02,30,Bank Transfer
U0293,2022-09-02,30,Credit Card
U0293,2022-10-02,30,Bank Transfer
U0293,2022-11-02,30,Credit Card
U0293,2022-12-02,30,Bank Transfer
U0293,2023-01-02,30,Bank Transfer
U0293,2023-02-02,30,PayPal
U0293,2023-03-02,30,PayPal
U0293,2023-04-02,30,Bank Transfer
U0294,2022-11-25,20,Bank Transfer
U0294,2022-12-25,20,PayPal
U0294,2023-01-25,20,PayPal
U0295,2022-02-03,10,Bank Transfer
U0295,2022-03-03,10,Bank Transfer
U0295,2022-04-03,10,Bank Transfer
U0296,2022-08-15,20,Bank Transfer
U0296,2022-09-15,20,PayPal
U0296,2022-10-15,20,Bank Transfer
U0296,2022-11-15,20,Credit Card
U0296,2022-12-15,20,Credit Card
U0296,2023-01-15,20,Credit Card
U0296,2023-02-15,20,Bank Transfer
U0296,2023-03-15,20,Credit Card
U0296,2023-04-15,20,PayPal
U0296,2023-05-15,20,Credit Card
U0296,2023-06-15,20,Bank Transfer
U0296,2023-07-15,20,Credit Card
U0297,2022-02-08,30,PayPal
U0298,2022-07-19,20,Credit Card
U0298,2022-08-19,20,Credit Card
U0298,2022-09-19,20,Credit Card
U0298,2022-10-19,20,Credit Card
U0298,2022-11-19,20,PayPal
U0298,2022-12-19,20,PayPal
U0299,2022-07-18,10,PayPal
U0299,2022-08-18,10,PayPal
U0299,2022-09-18,10,Credit Card
U0300,2022-01-27,20,Bank Transfer
U0300,2022-02-27,20,Bank Transfer
U0300,2022-03-27,20,Credit Card
U0300,2022-04-27,20,Credit Card
U0300,2022-05-27,20,Credit Card
U0300,2022-06-27,20,Credit Card
U0301,2022-03-29,30,PayPal
U0302,2022-05-31,30,Bank Transfer
U0302,2022-06-30,30,Bank Transfer
U0302,2022-07-31,30,Bank Transfer
U0303,2022-02-09,10,Credit Card
U0303,2022-03-09,10,Bank Transfer
U0303,2022-04-09,10,Credit Card
U0304,2022-06-12,20,Credit Card
U0305,2022-04-17,30,Credit Card
U0305,2022-05-17,30,Bank Transfer
U0305,2022-06-17,30,PayPal
U0305,2022-07-17,30,Credit Card
U0305,2022-08-17,30,Bank Transfer
U0305,2022-09-17,30,Credit Card
U0305,2022-10-17,30,Credit Card
U0305,2022-11-17,30,Bank Transfer
U0305,2022-12-17,30,Bank Transfer
U0305,2023-01-17,30,PayPal
U0305,2023-02-17,30,Bank Transfer
U0305,2023-03-17,30,PayPal
U0306,2022-11-14,20,PayPal
U0307,2022-07-25,10,Credit Card
U0307,2022-08-25,10,Credit Card
U0307,2022-09-25,10,Credit Card
U0307,2022-10-25,10,PayPal
U0307,2022-11-25,10,Credit Card
U0307,2022-12-25,10,PayPal
U0308,2022-04-08,30,PayPal
U0308,2022-05-08,30,PayPal
U0308,2022-06-08,30,Bank Transfer
U0309,2022-01-12,10,Bank Transfer
U0309,2022-02-12,10,Bank Transfer
U0309,2022-03-12,10,PayPal
U0310,2022-07-16,20,Bank Transfer
U0310,2022-08-16,20,Credit Card
U0310,2022-09-16,20,PayPal
U0311,2022-05-04,30,PayPal
U0312,2022-05-05,30,PayPal
U0312,2022-06-05,30,PayPal
U0312,2022-07-05,30,Credit Card
U0313,2022-07-02,10,PayPal
U0313,2022-08-02,10,Credit Card
U0313,2022-09-02,10,Credit Card
U0314,2022-05-26,20,PayPal
U0314,2022-06-26,20,PayPal
U0314,2022-07-26,20,PayPal
U0314,2022-08-26,20,Credit Card
U0314,2022-09-26,20,Bank Transfer
U0314,2022-10-26,20,Bank Transfer
U0314,2022-11-26,20,PayPal
U0314,2022-12-26,20,Bank Transfer
U0314,2023-01-26,20,PayPal
U0314,2023-02-26,20,Bank Transfer
U0314,2023-03-26,20,Bank Transfer
U0314,2023-04-26,20,PayPal
U0315,2022-03-08,30,Credit Card
U0316,2022-07-17,30,Credit Card
U0316,2022-08-17,30,Credit Card
U0316,2022-09-17,30,PayPal
U0316,2022-10-17,30,PayPal
U0316,2022-11-17,30,Credit Card
U0316,2022-12-17,30,Credit Card
U0316,2023-01-17,30,PayPal
U0316,2023-02-17,30,PayPal
U0316,2023-03-17,30,PayPal
U0316,2023-04-17,30,Bank Transfer
U0316,2023-05-17,30,PayPal
U0316,2023-06-17,30,Credit Card
U0317,2022-02-07,10,PayPal
U0317,2022-03-07,10,PayPal
U0317,2022-04-07,10,PayPal
U0318,2022-01-24,20,Credit Card
U0319,2022-02-07,30,Credit Card
U0319,2022-03-07,30,Credit Card
U0319,2022-04-07,30,Bank Transfer
U0319,2022-05-07,30,PayPal
U0319,2022-06-07,30,Credit Card
U0319,2022-07-07,30,PayPal
U0319,2022-08-07,30,Credit Card
U0319,2022-09-07,30,PayPal
U0319,2022-10-07,30,Bank Transfer
U0319,2022-11-07,30,Credit Card
U0319,2022-12-07,30,Credit Card
U0319,2023-01-07,30,Bank Transfer
U0320,2022-08-05,10,PayPal
U0320,2022-09-05,10,PayPal
U0320,2022-10-05,10,Bank Transfer
U0320,2022-11-05,10,Bank Transfer
U0320,2022-12-05,10,Bank Transfer
U0320,2023-01-05,10,PayPal
U0320,2023-02-05,10,Bank Transfer
U0320,2023-03-05,10,Credit Card
U0320,2023-04-05,10,Bank Transfer
U0320,2023-05-05,10,Credit Card
U0320,2023-06-05,10,Credit Card
U0320,2023-07-05,10,Credit Card
U0321,2022-11-18,10,PayPal
U0321,2022-12-18,10,Credit Card
U0321,2023-01-18,10,Credit Card
U0321,2023-02-18,10,PayPal
U0321,2023-03-18,10,Credit Card
U0321,2023-04-18,10,Credit Card
U0321,2023-05-18,10,Bank Transfer
U0321,2023-06-18,10,Credit Card
U0321,2023-07-18,10,Bank Transfer
U0321,2023-08-18,10,PayPal
U0321,2023-09-18,10,Bank Transfer
U0321,2023-10-18,10,Bank Transfer
U0322,2022-01-25,30,PayPal
U0323,2022-04-23,10,Bank Transfer
U0323,2022-05-23,10,Credit Card
U0323,2022-06-23,10,PayPal
U0323,2022-07-23,10,PayPal
U0323,2022-08-23,10,Credit Card
U0323,2022-09-23,10,PayPal
U0323,2022-10-23,10,PayPal
U0323,2022-11-23,10,Credit Card
U0323,2022-12-23,10,Bank Transfer
U0323,2023-01-23,10,PayPal
U0323,2023-02-23,10,PayPal
U0323,2023-03-23,10,Bank Transfer
U0324,2022-05-04,20,Credit Card
U0324,2022-06-04,20,PayPal
U0324,2022-07-04,20,Bank Transfer
U0324,2022-08-04,20,Credit Card
U0324,2022-09-04,20,Bank Transfer
U0324,2022-10-04,20,Bank Transfer
U0324,2022-11-04,20,Bank Transfer
U0324,2022-12-04,20,PayPal
U0324,2023-01-04,20,Credit Card
U0324,2023-02-04,20,PayPal
U0324,2023-03-04,20,PayPal
U0324,2023-04-04,20,PayPal
U0325,2022-10-27,30,Bank Transfer
U0326,2022-08-01,10,Credit Card
U0326,2022-09-01,10,Credit Card
U0326,2022-10-01,10,PayPal
U0327,2022-09-09,30,Credit Card
U0327,2022-10-09,30,Credit Card
U0327,2022-11-09,30,Bank Transfer
U0327,2022-12-09,30,PayPal
U0327,2023-01-09,30,PayPal
U0327,2023-02-09,30,PayPal
U0327,2023-03-09,30,PayPal
U0327,2023-04-09,30,Bank Transfer
U0327,2023-05-09,30,PayPal
U0327,2023-06-09,30,Credit Card
U0327,2023-07-09,30,Credit Card
U0327,2023-08-09,30,Bank Transfer
U0328,2022-02-27,30,Credit Card
U0328,2022-03-27,30,Credit Card
U0328,2022-04-27,30,PayPal
U0328,2022-05-27,30,Bank Transfer
U0328,2022-06-27,30,Credit Card
U0328,2022-07-27,30,PayPal
U0328,2022-08-27,30,Credit Card
U0328,2022-09-27,30,Credit Card
U0328,2022-10-27,30,Bank Transfer
U0328,2022-11-27,30,Credit Card
U0328,2022-12-27,30,PayPal
U0328,2023-01-27,30,PayPal
U0329,2022-06-06,10,Bank Transfer
U0329,2022-07-06,10,Bank Transfer
U0329,2022-08-06,10,PayPal
U0329,2022-09-06,10,Bank Transfer
U0329,2022-10-06,10,Credit Card
U0329,2022-11-06,10,Bank Transfer
U0330,2022-05-30,20,Credit Card
U0330,2022-06-30,20,Bank Transfer
U0330,2022-07-30,20,PayPal
U0330,2022-08-30,20,PayPal
U0330,2022-09-30,20,PayPal
U0330,2022-10-30,20,PayPal
U0330,2022-11-30,20,PayPal
U0330,2022-12-30,20,PayPal
U0330,2023-01-30,20,Bank Transfer
U0330,2023-02-28,20,PayPal
U0330,2023-03-30,20,Credit Card
U0330,2023-04-30,20,Credit Card
U0331,2022-02-21,20,Bank Transfer
U0331,2022-03-21,20,PayPal
U0331,2022-04-21,20,Credit Card
U0331,2022-05-21,20,PayPal
U0331,2022-06-21,20,PayPal
U0331,2022-07-21,20,Bank Transfer
U0331,2022-08-21,20,PayPal
U0331,2022-09-21,20,Credit Card
U0331,2022-10-21,20,Bank Transfer
U0331,2022-11-21,20,PayPal
U0331,2022-12-21,20,Credit Card
U0331,2023-01-21,20,Bank Transfer
U0332,2022-06-15,10,PayPal
U0332,2022-07-15,10,Credit Card
U0332,2022-08-15,10,PayPal
U0332,2022-09-15,10,Credit Card
U0332,2022-10-15,10,Bank Transfer
U0332,2022-11-15,10,PayPal
U0333,2022-06-18,30,Bank Transfer
U0333,2022-07-18,30,Credit Card
U0333,2022-08-18,30,Bank Transfer
U0333,2022-09-18,30,PayPal
U0333,2022-10-18,30,PayPal
U0333,2022-11-18,30,Bank Transfer
U0333,2022-12-18,30,Credit Card
U0333,2023-01-18,30,Credit Card
U0333,2023-02-18,30,Bank Transfer
U0333,2023-03-18,30,Bank Transfer
U0333,2023-04-18,30,Bank Transfer
U0333,2023-05-18,30,Credit Card
U0334,2022-07-09,30,Bank Transfer
U0334,2022-08-09,30,PayPal
U0334,2022-09-09,30,PayPal
U0334,2022-10-09,30,Bank Transfer
U0334,2022-11-09,30,Bank Transfer
U0334,2022-12-09,30,Bank Transfer
U0335,2022-09-30,10,Bank Transfer
U0335,2022-10-30,10,Bank Transfer
U0335,2022-11-30,10,Bank Transfer
U0336,2022-08-12,30,Bank Transfer
U0336,2022-09-12,30,PayPal
U0336,2022-10-12,30,PayPal
U0336,2022-11-12,30,Credit Card
U0336,2022-12-12,30,PayPal
U0336,2023-01-12,30,Credit Card
U0336,2023-02-12,30,Bank Transfer
U0336,2023-03-12,30,Bank Transfer
U0336,2023-04-12,30,Credit Card
U0336,2023-05-12,30,Credit Card
U0336,2023-06-12,30,PayPal
U0336,2023-07-12,30,Bank Transfer
U0337,2022-08-26,30,Credit Card
U0338,2022-07-10,10,Credit Card
U0338,2022-08-10,10,Bank Transfer
U0338,2022-09-10,10,Credit Card
U0339,2022-03-01,10,Bank Transfer
U0339,2022-04-01,10,Bank Transfer
U0339,2022-05-01,10,Bank Transfer
U0339,2022-06-01,10,Credit Card
U0339,2022-07-01,10,Bank Transfer
U0339,2022-08-01,10,Credit Card
U0340,2022-05-18,20,Bank Transfer
U0340,2022-06-18,20,PayPal
U0340,2022-07-18,20,Credit Card
U0341,2022-01-23,20,Bank Transfer
U0341,2022-02-23,20,PayPal
U0341,2022-03-23,20,Credit Card
U0341,2022-04-23,20,Credit Card
U0341,2022-05-23,20,PayPal
U0341,2022-06-23,20,Bank Transfer
U0342,2022-11-20,30,PayPal
U0342,2022-12-20,30,Bank Transfer
U0342,2023-01-20,30,Credit Card
U0342,2023-02-20,30,Bank Transfer
U0342,2023-03-20,30,PayPal
U0342,2023-04-20,30,Bank Transfer
U0342,2023-05-20,30,Bank Transfer
U0342,2023-06-20,30,Credit Card
U0342,2023-07-20,30,PayPal
U0342,2023-08-20,30,PayPal
U0342,2023-09-20,30,Credit Card
U0342,2023-10-20,30,Credit Card
U0343,2022-02-13,20,PayPal
U0343,2022-03-13,20,PayPal
U0343,2022-04-13,20,Credit Card
U0343,2022-05-13,20,Credit Card
U0343,2022-06-13,20,Bank Transfer
U0343,2022-07-13,20,Bank Transfer
U0343,2022-08-13,20,Credit Card
U0343,2022-09-13,20,Credit Card
U0343,2022-10-13,20,Bank Transfer
U0343,2022-11-13,20,Bank Transfer
U0343,2022-12-13,20,Credit Card
U0343,2023-01-13,20,Credit Card
U0344,2022-02-14,10,Credit Card
U0344,2022-03-14,10,Credit Card
U0344,2022-04-14,10,Credit Card
U0344,2022-05-14,10,PayPal
U0344,2022-06-14,10,PayPal
U0344,2022-07-14,10,Credit Card
U0344,2022-08-14,10,PayPal
U0344,2022-09-14,10,Bank Transfer
U0344,2022-10-14,10,Bank Transfer
U0344,2022-11-14,10,PayPal
U0344,2022-12-14,10,PayPal
U0344,2023-01-14,10,Bank Transfer
U0345,2022-07-07,30,PayPal
U0345,2022-08-07,30,PayPal
U0345,2022-09-07,30,PayPal
U0345,2022-10-07,30,Credit Card
U0345,2022-11-07,30,PayPal
U0345,2022-12-07,30,Credit Card
U0345,2023-01-07,30,Bank Transfer
U0345,2023-02-07,30,Bank Transfer
U0345,2023-03-07,30,PayPal
U0345,2023-04-07,30,PayPal
U0345,2023-05-07,30,Credit Card
U0345,2023-06-07,30,Credit Card
U0346,2022-04-14,30,PayPal
U0346,2022-05-14,30,Credit Card
U0346,2022-06-14,30,Credit Card
U0346,2022-07-14,30,Credit Card
U0346,2022-08-14,30,Bank Transfer
U0346,2022-09-14,30,PayPal
U0347,2022-10-15,30,PayPal
U0348,2022-10-14,20,PayPal
U0348,2022-11-14,20,Bank Transfer
U0348,2022-12-14,20,PayPal
U0349,2022-02-27,20,PayPal
U0350,2022-09-23,10,Bank Transfer
U0350,2022-10-23,10,Credit Card
U0350,2022-11-23,10,PayPal
U0350,2022-12-23,10,PayPal
U0350,2023-01-23,10,PayPal
U0350,2023-02-23,10,PayPal
U0351,2022-06-18,20,PayPal
U0351,2022-07-18,20,PayPal
U0351,2022-08-18,20,Credit Card
U0351,2022-09-18,20,Credit Card
U0351,2022-10-18,20,Credit Card
U0351,2022-11-18,20,PayPal
U0352,2022-04-27,20,PayPal
U0352,2022-05-27,20,Credit Card
U0352,2022-06-27,20,Credit Card
U0353,2022-05-05,30,Bank Transfer
U0353,2022-06-05,30,Credit Card
U0353,2022-07-05,30,PayPal
U0353,2022-08-05,30,Credit Card
U0353,2022-09-05,30,Bank Transfer
U0353,2022-10-05,30,PayPal
U0354,2022-05-23,30,PayPal
U0355,2022-01-26,10,Credit Card
U0355,2022-02-26,10,PayPal
U0355,2022-03-26,10,Bank Transfer
U0355,2022-04-26,10,PayPal
U0355,2022-05-26,10,PayPal
U0355,2022-06-26,10,PayPal
U0356,2022-12-14,10,PayPal
U0357,2022-10-09,10,PayPal
U0357,2022-11-09,10,PayPal
U0357,2022-12-09,10,Bank Transfer
U0358,2022-01-28,20,Credit Card
U0359,2022-06-04,30,Credit Card
U0359,2022-07-04,30,Bank Transfer
U0359,2022-08-04,30,PayPal
U0359,2022-09-04,30,Bank Transfer
U0359,2022-10-04,30,Credit Card
U0359,2022-11-04,30,PayPal
U0360,2022-10-22,20,Credit Card
U0360,2022-11-22,20,PayPal
U0360,2022-12-22,20,PayPal
U0360,2023-01-22,20,Bank Transfer
U0360,2023-02-22,20,Bank Transfer
U0360,2023-03-22,20,Bank Transfer
U0360,2023-04-22,20,Bank Transfer
U0360,2023-05-22,20,Credit Card
U0360,2023-06-22,20,Credit Card
U0360,2023-07-22,20,PayPal
U0360,2023-08-22,20,Bank Transfer
U0360,2023-09-22,20,PayPal
U0361,2022-09-16,10,Bank Transfer
U0362,2022-09-24,10,PayPal
U0362,2022-10-24,10,Bank Transfer
U0362,2022-11-24,10,Credit Card
U0363,2022-06-08,20,PayPal
U0363,2022-07-08,20,PayPal
U0363,2022-08-08,20,Bank Transfer
U0364,2022-12-06,30,Credit Card
U0364,2023-01-06,30,PayPal
U0364,2023-02-06,30,Bank Transfer
U0365,2022-11-14,10,PayPal
U0365,2022-12-14,10,PayPal
U0365,2023-01-14,10,PayPal
U0365,2023-02-14,10,PayPal
U0365,2023-03-14,10,Credit Card
U0365,2023-04-14,10,PayPal
U0365,2023-05-14,10,Bank Transfer
U0365,2023-06-14,10,Bank Transfer
U0365,2023-07-14,10,PayPal
U0365,2023-08-14,10,Bank Transfer
U0365,2023-09-14,10,Bank Transfer
U0365,2023-10-14,10,Bank Transfer
U0366,2022-08-31,20,PayPal
U0366,2022-09-30,20,Credit Card
U0366,2022-10-31,20,Bank Transfer
U0366,2022-11-30,20,PayPal
U0366,2022-12-31,20,PayPal
U0366,2023-01-31,20,Bank Transfer
U0367,2022-02-04,10,Credit Card
U0368,2022-07-10,30,Bank Transfer
U0368,2022-08-10,30,Credit Card
U0368,2022-09-10,30,Bank Transfer
U0368,2022-10-10,30,Bank Transfer
U0368,2022-11-10,30,Credit Card
U0368,2022-12-10,30,Credit Card
U0368,2023-01-10,30,Credit Card
U0368,2023-02-10,30,Bank Transfer
U0368,2023-03-10,30,Bank Transfer
U0368,2023-04-10,30,Bank Transfer
U0368,2023-05-10,30,PayPal
U0368,2023-06-10,30,Credit Card
U0369,2022-12-11,10,Bank Transfer
U0370,2022-06-07,20,Credit Card
U0371,2022-11-18,20,Bank Transfer
U0371,2022-12-18,20,Bank Transfer
U0371,2023-01-18,20,Bank Transfer
U0371,2023-02-18,20,Bank Transfer
U0371,2023-03-18,20,Credit Card
U0371,2023-04-18,20,Credit Card
U0371,2023-05-18,20,PayPal
U0371,2023-06-18,20,Credit Card
U0371,2023-07-18,20,Bank Transfer
U0371,2023-08-18,20,PayPal
U0371,2023-09-18,20,Bank Transfer
U0371,2023-10-18,20,PayPal
U0372,2022-05-09,20,Credit Card
U0372,2022-06-09,20,Credit Card
U0372,2022-07-09,20,Bank Transfer
U0372,2022-08-09,20,PayPal
U0372,2022-09-09,20,Bank Transfer
U0372,2022-10-09,20,PayPal
U0373,2022-10-25,30,Bank Transfer
U0373,2022-11-25,30,PayPal
U0373,2022-12-25,30,Bank Transfer
U0373,2023-01-25,30,Bank Transfer
U0373,2023-02-25,30,Bank Transfer
U0373,2023-03-25,30,Bank Transfer
U0374,2022-08-04,20,PayPal
U0374,2022-09-04,20,Credit Card
U0374,2022-10-04,20,Bank Transfer
U0374,2022-11-04,20,PayPal
U0374,2022-12-04,20,PayPal
U0374,2023-01-04,20,PayPal
U0375,2022-12-06,30,Credit Card
U0375,2023-01-06,30,Credit Card
U0375,2023-02-06,30,Credit Card
U0376,2022-07-02,20,Credit Card
U0376,2022-08-02,20,Credit Card
U0376,2022-09-02,20,Bank Transfer
U0377,2022-10-05,30,Credit Card
U0378,2022-07-27,30,PayPal
U0379,2022-09-10,20,Bank Transfer
U0379,2022-10-10,20,Bank Transfer
U0379,2022-11-10,20,PayPal
U0379,2022-12-10,20,PayPal
U0379,2023-01-10,20,Credit Card
U0379,2023-02-10,20,Credit Card
U0380,2022-02-27,20,Credit Card
U0380,2022-03-27,20,Credit Card
U0380,2022-04-27,20,PayPal
U0381,2022-11-28,20,Bank Transfer
U0382,2022-02-18,10,Credit Card
U0382,2022-03-18,10,Credit Card
U0382,2022-04-18,10,PayPal
U0382,2022-05-18,10,Credit Card
U0382,2022-06-18,10,PayPal
U0382,2022-07-18,10,Bank Transfer
U0383,2022-09-04,10,Credit Card
U0383,2022-10-04,10,Bank Transfer
U0383,2022-11-04,10,PayPal
U0384,2022-07-17,10,Bank Transfer
U0384,2022-08-17,10,Credit Card
U0384,2022-09-17,10,Bank Transfer
U0385,2022-12-24,30,Bank Transfer
U0385,2023-01-24,30,Credit Card
U0385,2023-02-24,30,PayPal
U0385,2023-03-24,30,Bank Transfer
U0385,2023-04-24,30,Credit Card
U0385,2023-05-24,30,Bank Transfer
U0385,2023-06-24,30,PayPal
U0385,2023-07-24,30,Credit Card
U0385,2023-08-24,30,PayPal
U0385,2023-09-24,30,Bank Transfer
U0385,2023-10-24,30,PayPal
U0385,2023-11-24,30,Credit Card
U0386,2022-06-03,20,Bank Transfer
U0386,2022-07-03,20,Bank Transfer
U0386,2022-08-03,20,PayPal
U0386,2022-09-03,20,PayPal
U0386,2022-10-03,20,Credit Card
U0386,2022-11-03,20,Credit Card
U0386,2022-12-03,20,Credit Card
U0386,2023-01-03,20,PayPal
U0386,2023-02-03,20,PayPal
U0386,2023-03-03,20,Credit Card
U0386,2023-04-03,20,Credit Card
U0386,2023-05-03,20,Bank Transfer
U0387,2022-04-27,30,Credit Card
U0387,2022-05-27,30,Credit Card
U0387,2022-06-27,30,Bank Transfer
U0387,2022-07-27,30,Bank Transfer
U0387,2022-08-27,30,PayPal
U0387,2022-09-27,30,PayPal
U0388,2022-10-11,10,PayPal
U0388,2022-11-11,10,Credit Card
U0388,2022-12-11,10,PayPal
U0388,2023-01-11,10,PayPal
U0388,2023-02-11,10,Credit Card
U0388,2023-03-11,10,Bank Transfer
U0388,2023-04-11,10,Credit Card
U0388,2023-05-11,10,Bank Transfer
U0388,2023-06-11,10,Bank Transfer
U0388,2023-07-11,10,PayPal
U0388,2023-08-11,10,Bank Transfer
U0388,2023-09-11,10,PayPal
U0389,2022-05-16,10,Bank Transfer
U0389,2022-06-16,10,Bank Transfer
U0389,2022-07-16,10,PayPal
U0389,2022-08-16,10,PayPal
U0389,2022-09-16,10,Credit Card
U0389,2022-10-16,10,PayPal
U0389,2022-11-16,10,PayPal
U0389,2022-12-16,10,PayPal
U0389,2023-01-16,10,Bank Transfer
U0389,2023-02-16,10,PayPal
U0389,2023-03-16,10,PayPal
U0389,2023-04-16,10,PayPal
U0390,2022-01-23,10,Bank Transfer
U0390,2022-02-23,10,PayPal
U0390,2022-03-23,10,Bank Transfer
U0390,2022-04-23,10,Bank Transfer
U0390,2022-05-23,10,Credit Card
U0390,2022-06-23,10,PayPal
U0391,2022-05-05,10,Bank Transfer
U0392,2022-10-21,30,Bank Transfer
U0392,2022-11-21,30,PayPal
U0392,2022-12-21,30,Credit Card
U0393,2022-12-14,30,PayPal
U0394,2022-06-11,20,Credit Card
U0394,2022-07-11,20,Credit Card
U0394,2022-08-11,20,Bank Transfer
U0395,2022-06-18,20,Credit Card
U0395,2022-07-18,20,Credit Card
U0395,2022-08-18,20,Bank Transfer
U0395,2022-09-18,20,PayPal
U0395,2022-10-18,20,Bank Transfer
U0395,2022-11-18,20,Credit Card
U0395,2022-12-18,20,Bank Transfer
U0395,2023-01-18,20,Credit Card
U0395,2023-02-18,20,Bank Transfer
U0395,2023-03-18,20,Credit Card
U0395,2023-04-18,20,Bank Transfer
U0395,2023-05-18,20,Credit Card
U0396,2022-06-22,20,PayPal
U0396,2022-07-22,20,Bank Transfer
U0396,2022-08-22,20,Bank Transfer
U0397,2022-12-14,30,Bank Transfer
U0397,2023-01-14,30,PayPal
U0397,2023-02-14,30,Bank Transfer
U0397,2023-03-14,30,Credit Card
U0397,2023-04-14,30,Bank Transfer
U0397,2023-05-14,30,Credit Card
U0397,2023-06-14,30,Credit Card
U0397,2023-07-14,30,PayPal
U0397,2023-08-14,30,PayPal
U0397,2023-09-14,30,Credit Card
U0397,2023-10-14,30,Credit Card
U0397,2023-11-14,30,Credit Card
U0398,2022-05-30,20,Bank Transfer
U0398,2022-06-30,20,Bank Transfer
U0398,2022-07-30,20,PayPal
U0398,2022-08-30,20,Bank Transfer
U0398,2022-09-30,20,Credit Card
U0398,2022-10-30,20,Credit Card
U0399,2022-12-28,20,PayPal
U0399,2023-01-28,20,Bank Transfer
U0399,2023-02-28,20,PayPal
U0399,2023-03-28,20,Bank Transfer
U0399,2023-04-28,20,PayPal
U0399,2023-05-28,20,Credit Card
U0399,2023-06-28,20,Bank Transfer
U0399,2023-07-28,20,PayPal
U0399,2023-08-28,20,Credit Card
U0399,2023-09-28,20,PayPal
U0399,2023-10-28,20,Bank Transfer
U0399,2023-11-28,20,Bank Transfer
U0400,2022-08-11,30,PayPal
U0400,2022-09-11,30,PayPal
U0400,2022-10-11,30,Credit Card
U0400,2022-11-11,30,Credit Card
U0400,2022-12-11,30,Credit Card
U0400,2023-01-11,30,Credit Card
U0401,2022-07-01,20,Credit Card
U0401,2022-08-01,20,PayPal
U0401,2022-09-01,20,Credit Card
U0401,2022-10-01,20,Bank Transfer
U0401,2022-11-01,20,PayPal
U0401,2022-12-01,20,Credit Card
U0401,2023-01-01,20,Credit Card
U0401,2023-02-01,20,Bank Transfer
U0401,2023-03-01,20,PayPal
U0401,2023-04-01,20,PayPal
U0401,2023-05-01,20,Credit Card
U0401,2023-06-01,20,Credit Card
U0402,2022-01-23,20,Credit Card
U0403,2022-11-16,10,PayPal
U0403,2022-12-16,10,Credit Card
U0403,2023-01-16,10,Credit Card
U0404,2022-03-03,10,Credit Card
U0404,2022-04-03,10,Credit Card
U0404,2022-05-03,10,PayPal
U0404,2022-06-03,10,Bank Transfer
U0404,2022-07-03,10,Bank Transfer
U0404,2022-08-03,10,Credit Card
U0405,2022-08-09,20,PayPal
U0405,2022-09-09,20,Bank Transfer
U0405,2022-10-09,20,Bank Transfer
U0405,2022-11-09,20,Bank Transfer
U0405,2022-12-09,20,Credit Card
U0405,2023-01-09,20,Credit Card
U0406,2022-05-01,10,Bank Transfer
U0407,2022-02-14,30,PayPal
U0408,2022-11-07,10,Credit Card
U0409,2022-06-07,10,Credit Card
U0409,2022-07-07,10,Credit Card
U0409,2022-08-07,10,PayPal
U0409,2022-09-07,10,Credit Card
U0409,2022-10-07,10,PayPal
U0409,2022-11-07,10,Credit Card
U0409,2022-12-07,10,PayPal
U0409,2023-01-07,10,Credit Card
U0409,2023-02-07,10,PayPal
U0409,2023-03-07,10,Bank Transfer
U0409,2023-04-07,10,Bank Transfer
U0409,2023-05-07,10,Bank Transfer
U0410,2022-11-29,10,PayPal
U0410,2022-12-29,10,PayPal
U0410,2023-01-29,10,PayPal
U0411,2022-12-26,10,Credit Card
U0412,2022-05-09,20,Credit Card
U0412,2022-06-09,20,Credit Card
U0412,2022-07-09,20,Credit Card
U0412,2022-08-09,20,Bank Transfer
U0412,2022-09-09,20,PayPal
U0412,2022-10-09,20,PayPal
U0412,2022-11-09,20,Bank Transfer
U0412,2022-12-09,20,Credit Card
U0412,2023-01-09,20,Bank Transfer
U0412,2023-02-09,20,PayPal
U0412,2023-03-09,20,PayPal
U0412,2023-04-09,20,Bank Transfer
U0413,2022-01-17,20,PayPal
U0413,2022-02-17,20,Credit Card
U0413,2022-03-17,20,Credit Card
U0413,2022-04-17,20,PayPal
U0413,2022-05-17,20,PayPal
U0413,2022-06-17,20,Bank Transfer
U0413,2022-07-17,20,Bank Transfer
U0413,2022-08-17,20,PayPal
U0413,2022-09-17,20,Bank Transfer
U0413,2022-10-17,20,PayPal
U0413,2022-11-17,20,Credit Card
U0413,2022-12-17,20,Credit Card
U0414,2022-04-24,20,Bank Transfer
U0414,2022-05-24,20,Credit Card
U0414,2022-06-24,20,PayPal
U0414,2022-07-24,20,Bank Transfer
U0414,2022-08-24,20,Bank Transfer
U0414,2022-09-24,20,Bank Transfer
U0414,2022-10-24,20,PayPal
U0414,2022-11-24,20,Bank Transfer
U0414,2022-12-24,20,Credit Card
U0414,2023-01-24,20,PayPal
U0414,2023-02-24,20,PayPal
U0414,2023-03-24,20,Bank Transfer
U0415,2022-01-27,10,PayPal
U0415,2022-02-27,10,PayPal
U0415,2022-03-27,10,Bank Transfer
U0416,2022-01-09,30,Bank Transfer
U0416,2022-02-09,30,Credit Card
U0416,2022-03-09,30,PayPal
U0417,2022-05-20,30,Credit Card
U0418,2022-11-11,20,PayPal
U0418,2022-12-11,20,Bank Transfer
U0418,2023-01-11,20,Bank Transfer
U0418,2023-02-11,20,Bank Transfer
U0418,2023-03-11,20,Bank Transfer
U0418,2023-04-11,20,PayPal
U0419,2022-08-16,10,Credit Card
U0419,2022-09-16,10,Bank Transfer
U0419,2022-10-16,10,PayPal
U0419,2022-11-16,10,Bank Transfer
U0419,2022-12-16,10,PayPal
U0419,2023-01-16,10,PayPal
U0419,2023-02-16,10,Credit Card
U0419,2023-03-16,10,Bank Transfer
U0419,2023-04-16,10,Bank Transfer
U0419,2023-05-16,10,Bank Transfer
U0419,2023-06-16,10,PayPal
U0419,2023-07-16,10,Bank Transfer
U0420,2022-10-24,30,PayPal
U0420,2022-11-24,30,Credit Card
U0420,2022-12-24,30,PayPal
U0421,2022-04-16,20,Bank Transfer
U0421,2022-05-16,20,Credit Card
U0421,2022-06-16,20,Bank Transfer
U0422,2022-02-18,30,Bank Transfer
U0422,2022-03-18,30,Bank Transfer
U0422,2022-04-18,30,PayPal
U0422,2022-05-18,30,Credit Card
U0422,2022-06-18,30,Bank Transfer
U0422,2022-07-18,30,Bank Transfer
U0422,2022-08-18,30,Bank Transfer
U0422,2022-09-18,30,Bank Transfer
U0422,2022-10-18,30,Bank Transfer
U0422,2022-11-18,30,Credit Card
U0422,2022-12-18,30,Bank Transfer
U0422,2023-01-18,30,Credit Card
U0423,2022-03-29,30,Credit Card
U0424,2022-08-31,20,Bank Transfer
U0424,2022-09-30,20,PayPal
U0424,2022-10-31,20,Credit Card
U0424,2022-11-30,20,Credit Card
U0424,2022-12-31,20,PayPal
U0424,2023-01-31,20,PayPal
U0424,2023-02-28,20,PayPal
U0424,2023-03-31,20,Credit Card
U0424,2023-04-30,20,Credit Card
U0424,2023-05-31,20,Bank Transfer
U0424,2023-06-30,20,PayPal
U0424,2023-07-31,20,PayPal
U0425,2022-10-08,10,PayPal
U0425,2022-11-08,10,Bank Transfer
U0425,2022-12-08,10,Bank Transfer
U0425,2023-01-08,10,Credit Card
U0425,2023-02-08,10,Credit Card
U0425,2023-03-08,10,PayPal
U0426,2022-02-28,10,PayPal
U0426,2022-03-28,10,Bank Transfer
U0426,2022-04-28,10,Credit Card
U0426,2022-05-28,10,PayPal
U0426,2022-06-28,10,Bank Transfer
U0426,2022-07-28,10,Credit Card
U0426,2022-08-28,10,PayPal
U0426,2022-09-28,10,PayPal
U0426,2022-10-28,10,Bank Transfer
U0426,2022-11-28,10,Bank Transfer
U0426,2022-12-28,10,Credit Card
U0426,2023-01-28,10,Bank Transfer
U0427,2022-07-29,30,Bank Transfer
U0427,2022-08-29,30,PayPal
U0427,2022-09-29,30,Credit Card
U0427,2022-10-29,30,Credit Card
U0427,2022-11-29,30,PayPal
U0427,2022-12-29,30,PayPal
U0427,2023-01-29,30,PayPal
U0427,2023-02-28,30,Credit Card
U0427,2023-03-29,30,Bank Transfer
U0427,2023-04-29,30,PayPal
U0427,2023-05-29,30,PayPal
U0427,2023-06-29,30,Bank Transfer
U0428,2022-11-02,10,PayPal
U0428,2022-12-02,10,Bank Transfer
U0428,2023-01-02,10,Bank Transfer
U0428,2023-02-02,10,Credit Card
U0428,2023-03-02,10,PayPal
U0428,2023-04-02,10,Bank Transfer
U0428,2023-05-02,10,PayPal
U0428,2023-06-02,10,PayPal
U0428,2023-07-02,10,Bank Transfer
U0428,2023-08-02,10,Bank Transfer
U0428,2023-09-02,10,Credit Card
U0428,2023-10-02,10,Credit Card
U0429,2022-04-17,20,PayPal
U0429,2022-05-17,20,Bank Transfer
U0429,2022-06-17,20,Credit Card
U0429,2022-07-17,20,Bank Transfer
U0429,2022-08-17,20,PayPal
U0429,2022-09-17,20,Credit Card
U0430,2022-09-09,20,Credit Card
U0431,2023-01-01,30,PayPal
U0431,2023-02-01,30,Bank Transfer
U0431,2023-03-01,30,Bank Transfer
U0432,2022-07-22,10,Credit Card
U0432,2022-08-22,10,PayPal
U0432,2022-09-22,10,Credit Card
U0432,2022-10-22,10,Bank Transfer
U0432,2022-11-22,10,Credit Card
U0432,2022-12-22,10,PayPal
U0433,2022-12-25,20,PayPal
U0434,2022-08-10,30,PayPal
U0434,2022-09-10,30,Credit Card
U0434,2022-10-10,30,PayPal
U0435,2022-05-04,20,PayPal
U0435,2022-06-04,20,Bank Transfer
U0435,2022-07-04,20,Credit Card
U0435,2022-08-04,20,PayPal
U0435,2022-09-04,20,Credit Card
U0435,2022-10-04,20,Credit Card
U0435,2022-11-04,20,Credit Card
U0435,2022-12-04,20,Bank Transfer
U0435,2023-01-04,20,Credit Card
U0435,2023-02-04,20,Credit Card
U0435,2023-03-04,20,Credit Card
U0435,2023-04-04,20,PayPal
U0436,2022-10-20,20,Credit Card
U0437,2022-05-17,30,Bank Transfer
U0438,2022-01-06,20,Bank Transfer
U0438,2022-02-06,20,Credit Card
U0438,2022-03-06,20,Credit Card
U0438,2022-04-06,20,Bank Transfer
U0438,2022-05-06,20,PayPal
U0438,2022-06-06,20,Credit Card
U0438,2022-07-06,20,Bank Transfer
U0438,2022-08-06,20,Credit Card
U0438,2022-09-06,20,Bank Transfer
U0438,2022-10-06,20,Bank Transfer
U0438,2022-11-06,20,PayPal
U0438,2022-12-06,20,Credit Card
U0439,2022-12-25,10,Credit Card
U0439,2023-01-25,10,PayPal
U0439,2023-02-25,10,PayPal
U0440,2022-02-15,10,Bank Transfer
U0440,2022-03-15,10,Bank Transfer
U0440,2022-04-15,10,Credit Card
U0440,2022-05-15,10,Credit Card
U0440,2022-06-15,10,PayPal
U0440,2022-07-15,10,Credit Card
U0441,2022-11-03,20,PayPal
U0441,2022-12-03,20,Credit Card
U0441,2023-01-03,20,Credit Card
U0441,2023-02-03,20,Bank Transfer
U0441,2023-03-03,20,Bank Transfer
U0441,2023-04-03,20,PayPal
U0442,2022-04-10,30,PayPal
U0442,2022-05-10,30,Bank Transfer
U0442,2022-06-10,30,Credit Card
U0442,2022-07-10,30,Credit Card
U0442,2022-08-10,30,PayPal
U0442,2022-09-10,30,PayPal
U0443,2022-03-19,20,PayPal
U0443,2022-04-19,20,PayPal
U0443,2022-05-19,20,PayPal
U0443,2022-06-19,20,Bank Transfer
U0443,2022-07-19,20,PayPal
U0443,2022-08-19,20,Credit Card
U0444,2022-03-27,30,Bank Transfer
U0444,2022-04-27,30,PayPal
U0444,2022-05-27,30,Credit Card
U0444,2022-06-27,30,PayPal
U0444,2022-07-27,30,Bank Transfer
U0444,2022-08-27,30,PayPal
U0445,2022-11-03,30,Bank Transfer
U0446,2022-01-12,20,Bank Transfer
U0447,2022-12-10,10,Bank Transfer
U0447,2023-01-10,10,Bank Transfer
U0447,2023-02-10,10,Credit Card
U0447,2023-03-10,10,Bank Transfer
U0447,2023-04-10,10,Credit Card
U0447,2023-05-10,10,Credit Card
U0447,2023-06-10,10,Bank Transfer
U0447,2023-07-10,10,Credit Card
U0447,2023-08-10,10,PayPal
U0447,2023-09-10,10,Bank Transfer
U0447,2023-10-10,10,PayPal
U0447,2023-11-10,10,Credit Card
U0448,2022-01-11,10,Credit Card
U0448,2022-02-11,10,Bank Transfer
U0448,2022-03-11,10,Credit Card
U0448,2022-04-11,10,Credit Card
U0448,2022-05-11,10,Bank Transfer
U0448,2022-06-11,10,Credit Card
U0449,2022-11-05,20,PayPal
U0450,2022-03-16,10,PayPal
U0450,2022-04-16,10,Bank Transfer
U0450,2022-05-16,10,Credit Card
U0450,2022-06-16,10,Bank Transfer
U0450,2022-07-16,10,PayPal
U0450,2022-08-16,10,PayPal
U0451,2022-12-27,30,Credit Card
U0451,2023-01-27,30,PayPal
U0451,2023-02-27,30,Bank Transfer
U0451,2023-03-27,30,Credit Card
U0451,2023-04-27,30,PayPal
U0451,2023-05-27,30,Credit Card
U0452,2022-06-25,30,PayPal
U0453,2022-02-12,20,Bank Transfer
U0453,2022-03-12,20,Bank Transfer
U0453,2022-04-12,20,Credit Card
U0453,2022-05-12,20,Credit Card
U0453,2022-06-12,20,Credit Card
U0453,2022-07-12,20,Bank Transfer
U0453,2022-08-12,20,Bank Transfer
U0453,2022-09-12,20,PayPal
U0453,2022-10-12,20,Bank Transfer
U0453,2022-11-12,20,Bank Transfer
U0453,2022-12-12,20,PayPal
U0453,2023-01-12,20,PayPal
U0454,2022-06-19,10,Bank Transfer
U0455,2022-12-25,10,Bank Transfer
U0455,2023-01-25,10,Credit Card
U0455,2023-02-25,10,PayPal
U0455,2023-03-25,10,PayPal
U0455,2023-04-25,10,Credit Card
U0455,2023-05-25,10,Bank Transfer
U0455,2023-06-25,10,PayPal
U0455,2023-07-25,10,PayPal
U0455,2023-08-25,10,Credit Card
U0455,2023-09-25,10,Bank Transfer
U0455,2023-10-25,10,Bank Transfer
U0455,2023-11-25,10,Bank Transfer
U0456,2022-11-27,20,PayPal
U0456,2022-12-27,20,Bank Transfer
U0456,2023-01-27,20,PayPal
U0457,2022-12-15,20,Bank Transfer
U0457,2023-01-15,20,PayPal
U0457,2023-02-15,20,Credit Card
U0458,2022-01-17,30,Credit Card
U0458,2022-02-17,30,Credit Card
U0458,2022-03-17,30,Bank Transfer
U0458,2022-04-17,30,Credit Card
U0458,2022-05-17,30,PayPal
U0458,2022-06-17,30,Bank Transfer
U0458,2022-07-17,30,PayPal
U0458,2022-08-17,30,Bank Transfer
U0458,2022-09-17,30,Bank Transfer
U0458,2022-10-17,30,PayPal
U0458,2022-11-17,30,Credit Card
U0458,2022-12-17,30,PayPal
U0459,2022-07-06,20,Bank Transfer
U0460,2022-05-11,20,PayPal
U0460,2022-06-11,20,Credit Card
U0460,2022-07-11,20,PayPal
U0461,2022-01-05,10,Credit Card
U0461,2022-02-05,10,Credit Card
U0461,2022-03-05,10,PayPal
U0462,2022-02-26,10,Bank Transfer
U0462,2022-03-26,10,Bank Transfer
U0462,2022-04-26,10,Credit Card
U0462,2022-05-26,10,Credit Card
U0462,2022-06-26,10,Bank Transfer
U0462,2022-07-26,10,PayPal
U0463,2022-02-18,10,PayPal
U0463,2022-03-18,10,Credit Card
U0463,2022-04-18,10,Credit Card
U0463,2022-05-18,10,PayPal
U0463,2022-06-18,10,PayPal
U0463,2022-07-18,10,Bank Transfer
U0463,2022-08-18,10,Bank Transfer
U0463,2022-09-18,10,Bank Transfer
U0463,2022-10-18,10,Bank Transfer
U0463,2022-11-18,10,Credit Card
U0463,2022-12-18,10,PayPal
U0463,2023-01-18,10,PayPal
U0464,2022-07-07,10,Credit Card
U0465,2022-12-31,20,Bank Transfer
U0465,2023-01-31,20,PayPal
U0465,2023-02-28,20,PayPal
U0465,2023-03-31,20,Bank Transfer
U0465,2023-04-30,20,PayPal
U0465,2023-05-31,20,Credit Card
U0465,2023-06-30,20,PayPal
U0465,2023-07-31,20,PayPal
U0465,2023-08-31,20,PayPal
U0465,2023-09-30,20,Bank Transfer
U0465,2023-10-31,20,PayPal
U0465,2023-11-30,20,Credit Card
U0466,2022-06-29,20,Bank Transfer
U0466,2022-07-29,20,Credit Card
U0466,2022-08-29,20,Bank Transfer
U0467,2022-04-12,20,PayPal
U0467,2022-05-12,20,Bank Transfer
U0467,2022-06-12,20,Credit Card
U0467,2022-07-12,20,PayPal
U0467,2022-08-12,20,Credit Card
U0467,2022-09-12,20,Bank Transfer
U0467,2022-10-12,20,PayPal
U0467,2022-11-12,20,Bank Transfer
U0467,2022-12-12,20,PayPal
U0467,2023-01-12,20,PayPal
U0467,2023-02-12,20,Credit Card
U0467,2023-03-12,20,Credit Card
U0468,2022-01-24,10,PayPal
U0469,2022-07-12,10,Bank Transfer
U0470,2022-09-16,30,PayPal
U0470,2022-10-16,30,Credit Card
U0470,2022-11-16,30,PayPal
U0470,2022-12-16,30,PayPal
U0470,2023-01-16,30,Bank Transfer
U0470,2023-02-16,30,PayPal
U0470,2023-03-16,30,Credit Card
U0470,2023-04-16,30,Bank Transfer
U0470,2023-05-16,30,PayPal
U0470,2023-06-16,30,PayPal
U0470,2023-07-16,30,Bank Transfer
U0470,2023-08-16,30,PayPal
U0471,2022-07-27,30,PayPal
U0472,2022-12-08,30,Credit Card
U0472,2023-01-08,30,PayPal
U0472,2023-02-08,30,PayPal
U0472,2023-03-08,30,PayPal
U0472,2023-04-08,30,Credit Card
U0472,2023-05-08,30,Bank Transfer
U0473,2022-04-07,20,Credit Card
U0473,2022-05-07,20,PayPal
U0473,2022-06-07,20,PayPal
U0473,2022-07-07,20,Credit Card
U0473,2022-08-07,20,Bank Transfer
U0473,2022-09-07,20,Credit Card
U0474,2022-09-03,20,Bank Transfer
U0474,2022-10-03,20,Bank Transfer
U0474,2022-11-03,20,PayPal
U0475,2022-02-23,30,Credit Card
U0476,2022-03-08,30,Credit Card
U0476,2022-04-08,30,Credit Card
U0476,2022-05-08,30,Credit Card
U0476,2022-06-08,30,Bank Transfer
U0476,2022-07-08,30,Bank Transfer
U0476,2022-08-08,30,Credit Card
U0476,2022-09-08,30,Credit Card
U0476,2022-10-08,30,Bank Transfer
U0476,2022-11-08,30,Credit Card
U0476,2022-12-08,30,PayPal
U0476,2023-01-08,30,PayPal
U0476,2023-02-08,30,Credit Card
U0477,2022-04-17,20,Credit Card
U0478,2022-05-05,20,Bank Transfer
U0478,2022-06-05,20,Credit Card
U0478,2022-07-05,20,Credit Card
U0478,2022-08-05,20,PayPal
U0478,2022-09-05,20,PayPal
U0478,2022-10-05,20,Bank Transfer
U0479,2022-12-21,10,Credit Card
U0479,2023-01-21,10,PayPal
U0479,2023-02-21,10,Bank Transfer
U0479,2023-03-21,10,PayPal
U0479,2023-04-21,10,PayPal
U0479,2023-05-21,10,Credit Card
U0479,2023-06-21,10,Credit Card
U0479,2023-07-21,10,PayPal
U0479,2023-08-21,10,PayPal
U0479,2023-09-21,10,PayPal
U0479,2023-10-21,10,Credit Card
U0479,2023-11-21,10,Bank Transfer
U0480,2022-07-01,10,Bank Transfer
U0480,2022-08-01,10,Bank Transfer
U0480,2022-09-01,10,Credit Card
U0480,2022-10-01,10,PayPal
U0480,2022-11-01,10,PayPal
U0480,2022-12-01,10,Credit Card
U0480,2023-01-01,10,Bank Transfer
U0480,2023-02-01,10,PayPal
U0480,2023-03-01,10,Bank Transfer
U0480,2023-04-01,10,Bank Transfer
U0480,2023-05-01,10,Credit Card
U0480,2023-06-01,10,PayPal
U0481,2022-08-02,10,PayPal
U0481,2022-09-02,10,Credit Card
U0481,2022-10-02,10,PayPal
U0481,2022-11-02,10,PayPal
U0481,2022-12-02,10,Credit Card
U0481,2023-01-02,10,PayPal
U0482,2022-10-16,20,PayPal
U0482,2022-11-16,20,Credit Card
U0482,2022-12-16,20,PayPal
U0482,2023-01-16,20,Credit Card
U0482,2023-02-16,20,Bank Transfer
U0482,2023-03-16,20,Bank Transfer
U0483,2022-11-21,20,Credit Card
U0483,2022-12-21,20,Credit Card
U0483,2023-01-21,20,Bank Transfer
U0484,2022-01-27,10,Bank Transfer
U0484,2022-02-27,10,Credit Card
U0484,2022-03-27,10,PayPal
U0485,2022-08-16,10,Bank Transfer
U0485,2022-09-16,10,PayPal
U0485,2022-10-16,10,Bank Transfer
U0485,2022-11-16,10,Bank Transfer
U0485,2022-12-16,10,Bank Transfer
U0485,2023-01-16,10,Credit Card
U0485,2023-02-16,10,Bank Transfer
U0485,2023-03-16,10,Credit Card
U0485,2023-04-16,10,Credit Card
U0485,2023-05-16,10,Bank Transfer
U0485,2023-06-16,10,PayPal
U0485,2023-07-16,10,PayPal
U0486,2022-12-06,20,Credit Card
U0486,2023-01-06,20,Credit Card
U0486,2023-02-06,20,Bank Transfer
U0486,2023-03-06,20,Credit Card
U0486,2023-04-06,20,PayPal
U0486,2023-05-06,20,PayPal
U0486,2023-06-06,20,Credit Card
U0486,2023-07-06,20,Bank Transfer
U0486,2023-08-06,20,PayPal
U0486,2023-09-06,20,Bank Transfer
U0486,2023-10-06,20,PayPal
U0486,2023-11-06,20,Bank Transfer
U0487,2022-06-27,10,PayPal
U0487,2022-07-27,10,Credit Card
U0487,2022-08-27,10,Bank Transfer
U0487,2022-09-27,10,Credit Card
U0487,2022-10-27,10,PayPal
U0487,2022-11-27,10,Credit Card
U0488,2022-04-27,20,Credit Card
U0488,2022-05-27,20,Bank Transfer
U0488,2022-06-27,20,Credit Card
U0488,2022-07-27,20,Bank Transfer
U0488,2022-08-27,20,PayPal
U0488,2022-09-27,20,Bank Transfer
U0488,2022-10-27,20,Bank Transfer
U0488,2022-11-27,20,PayPal
U0488,2022-12-27,20,Credit Card
U0488,2023-01-27,20,Bank Transfer
U0488,2023-02-27,20,PayPal
U0488,2023-03-27,20,Credit Card
U0489,2022-01-08,10,Bank Transfer
U0489,2022-02-08,10,Bank Transfer
U0489,2022-03-08,10,Bank Transfer
U0489,2022-04-08,10,Credit Card
U0489,2022-05-08,10,PayPal
U0489,2022-06-08,10,PayPal
U0490,2022-11-12,10,PayPal
U0490,2022-12-12,10,Credit Card
U0490,2023-01-12,10,PayPal
U0491,2022-07-15,20,Credit Card
U0491,2022-08-15,20,PayPal
U0491,2022-09-15,20,Credit Card
U0491,2022-10-15,20,PayPal
U0491,2022-11-15,20,Credit Card
U0491,2022-12-15,20,Credit Card
U0491,2023-01-15,20,PayPal
U0491,2023-02-15,20,Bank Transfer
U0491,2023-03-15,20,Credit Card
U0491,2023-04-15,20,Bank Transfer
U0491,2023-05-15,20,PayPal
U0491,2023-06-15,20,PayPal
U0492,2022-02-09,20,Bank Transfer
U0492,2022-03-09,20,Credit Card
U0492,2022-04-09,20,PayPal
U0492,2022-05-09,20,PayPal
U0492,2022-06-09,20,Credit Card
U0492,2022-07-09,20,PayPal
U0492,2022-08-09,20,Credit Card
U0492,2022-09-09,20,Credit Card
U0492,2022-10-09,20,Credit Card
U0492,2022-11-09,20,Credit Card
U0492,2022-12-09,20,Credit Card
U0492,2023-01-09,20,Bank Transfer
U0493,2022-03-12,20,Credit Card
U0493,2022-04-12,20,Bank Transfer
U0493,2022-05-12,20,PayPal
U0493,2022-06-12,20,PayPal
U0493,2022-07-12,20,Credit Card
U0493,2022-08-12,20,Credit Card
U0494,2022-03-24,10,Credit Card
U0494,2022-04-24,10,Bank Transfer
U0494,2022-05-24,10,Credit Card
U0494,2022-06-24,10,Credit Card
U0494,2022-07-24,10,Credit Card
U0494,2022-08-24,10,PayPal
U0495,2022-08-03,30,Bank Transfer
U0496,2022-07-16,30,Bank Transfer
U0496,2022-08-16,30,Bank Transfer
U0496,2022-09-16,30,PayPal
U0496,2022-10-16,30,PayPal
U0496,2022-11-16,30,Bank Transfer
U0496,2022-12-16,30,Bank Transfer
U0497,2022-02-10,10,Credit Card
U0497,2022-03-10,10,Bank Transfer
U0497,2022-04-10,10,PayPal
U0497,2022-05-10,10,Bank Transfer
U0497,2022-06-10,10,Credit Card
U0497,2022-07-10,10,Bank Transfer
U0497,2022-08-10,10,PayPal
U0497,2022-09-10,10,Bank Transfer
U0497,2022-10-10,10,Bank Transfer
U0497,2022-11-10,10,PayPal
U0497,2022-12-10,10,Bank Transfer
U0497,2023-01-10,10,Credit Card
U0498,2022-01-31,20,Bank Transfer
U0498,2022-02-28,20,Bank Transfer
U0498,2022-03-31,20,Credit Card
U0498,2022-04-30,20,Bank Transfer
U0498,2022-05-31,20,Bank Transfer
U0498,2022-06-30,20,PayPal
U0498,2022-07-31,20,Bank Transfer
U0498,2022-08-31,20,PayPal
U0498,2022-09-30,20,PayPal
U0498,2022-10-31,20,PayPal
U0498,2022-11-30,20,Bank Transfer
U0498,2022-12-31,20,PayPal
U0499,2022-01-28,10,Credit Card
U0499,2022-02-28,10,PayPal
U0499,2022-03-28,10,Credit Card
U0499,2022-04-28,10,Bank Transfer
U0499,2022-05-28,10,Credit Card
U0499,2022-06-28,10,Credit Card
U0499,2022-07-28,10,Credit Card
U0499,2022-08-28,10,Bank Transfer
U0499,2022-09-28,10,Bank Transfer
U0499,2022-10-28,10,Credit Card
U0499,2022-11-28,10,Bank Transfer
U0499,2022-12-28,10,Credit Card
U0500,2022-04-26,30,PayPal
